countrycode,name,population
PCN,Adamstown,42
CCK,"West Island",167
TKL,Fakaofo,300
VAT,"Città del Vaticano",455
CCK,Bantam,503
NRU,Yaren,559
AIA,"The Valley",595
NIU,Alofi,682
CXR,"Flying Fish Cove",700
NFK,Kingston,800
AIA,"South Hill",961
WLF,Mata-Utu,1137
GUM,Agaña,1139
BMU,Hamilton,1200
MCO,Monaco-Ville,1234
SJM,Longyearbyen,1438
SHN,Jamestown,1500
FLK,Stanley,1636
BMU,"Saint George",1800
MSR,Plymouth,2000
KIR,Bairiki,2226
SMR,"San Marino",2294
LCA,Castries,2301
ASM,Fagatogo,2323
ANT,Willemstad,2345
NRU,Yangor,4050
TUV,Funafuti,4600
GRD,"Saint George´s",4621
TCA,"Cockburn Town",4800
SMR,Serravalle,4802
LIE,Vaduz,5043
KIR,Bikenibeu,5055
ASM,Tafuna,5200
LIE,Schaan,5346
SPM,Saint-Pierre,5808
BRB,Bridgetown,6070
MLT,Valletta,7073
BLZ,Belmopan,7105
VGB,"Road Town",8000
FSM,Palikir,8600
MNP,Garapan,9200
GUM,Tamuning,9500
KNA,Basseterre,11600
COK,Avarua,11900
MYT,Mamoutzou,12000
PLW,Koror,12000
GLP,Basse-Terre,12433
VIR,"Charlotte Amalie",13000
MCO,Monte-Carlo,13154
GRL,Nuuk,13445
FRO,Tórshavn,14542
DMA,Roseau,16243
VCT,Kingstown,17100
CYM,"George Town",19600
AND,"Andorra la Vella",21189
MLT,Birkirkara,21445
BRN,"Bandar Seri Begawan",21484
BTN,Thimphu,22000
FSM,Weno,22000
TON,Nuku´alofa,22400
GBR,Douglas,23487
ATG,"Saint John´s",24000
PYF,Papeete,25553
PYF,Faaa,25888
GIB,Gibraltar,27025
GBR,"Saint Helier",27523
MHL,Dalap-Uliga-Darrit,28000
KWT,Kuwait,28859
ABW,Oranjestad,29034
VUT,Port-Vila,33700
WSM,Apia,35900
COM,Moroni,36000
GNQ,Malabo,40000
SYC,Victoria,41000
GMB,Banjul,42326
TTO,Port-of-Spain,43396
TMP,Dili,47900
STP,"São Tomé",49541
SLB,Honiara,50100
GUF,Cayenne,50699
OMN,Masqat,51969
BLZ,"Belize City",55810
TTO,Chaguanas,56601
SWZ,Mbabane,61000
GLP,"Les Abymes",62947
MDV,Male,71000
NCL,Nouméa,76293
FJI,Suva,77366
LUX,"Luxembourg [Luxemburg/Lëtzebuerg]",80700
SLV,Apopa,88800
NIC,Masaya,88971
ITA,Pesaro,88987
GBR,Grimsby,89000
UKR,Brovary,89000
UKR,Mukatševe,89000
IND,Vejalpur,89053
USA,Charleston,89063
USA,Carson,89089
JOR,"Wadi al-Sir",89104
MEX,"Tierra Blanca",89143
IND,Raigarh,89166
BRA,"Águas Lindas de Goiás",89200
HND,"La Ceiba",89200
BRA,Poá,89236
BRA,"Bento Gonçalves",89254
CAN,Barrie,89269
CHN,Huangyan,89288
ZAF,Ladysmith,89292
USA,Odessa,89293
LBY,al-Zawiya,89338
CHN,Pingyi,89373
BRA,"Barra do Piraí",89388
CHN,Huaying,89400
PAK,Nowshera,89400
USA,Elgin,89408
DZA,Ghardaïa,89415
DOM,"San Felipe de Puerto Plata",89423
LVA,Liepaja,89439
CAN,Kelowna,89442
USA,Kenosha,89447
BRA,Palhoça,89465
MEX,"El Fuerte",89556
DEU,"Esslingen am Neckar",89667
PAK,Wazirabad,89700
IRN,Qomsheh,89800
RUS,"Novyi Urengoi",89800
ITA,Cesena,89852
DEU,Velbert,89881
IDN,Banyuwangi,89900
IDN,"Tanjung Pinang",89900
GBR,Eastbourne,90000
KAZ,Zhezqazghan,90000
SOM,Hargeysa,90000
SOM,Kismaayo,90000
TWN,Miaoli,90000
UKR,Berdytšiv,90000
UKR,Izmajil,90000
UKR,Šostka,90000
UKR,Uman,90000
VEN,"El Limón",90000
RUS,Klin,90000
RUS,Tšaikovski,90000
IRN,Miandoab,90100
BRA,Corumbá,90111
TUR,Bandirma,90200
CHN,Junan,90222
CHN,Shaowu,90286
ITA,Alessandria,90289
ISR,Rehovot,90300
DNK,Frederiksberg,90327
IND,Morvi,90357
MAR,"El Araich",90400
PAK,"Dera Ismail Khan",90400
TUR,Inegöl,90500
BRA,Ituiutaba,90507
BRA,Patos,90519
PRT,Braga,90535
MEX,Pánuco,90551
USA,"Fall River",90555
IND,Baidyabati,90601
PHL,Ligao,90603
NPL,Birgunj,90639
PER,Castilla,90642
CHN,"Xilin Hot",90646
FRA,Montreuil,90674
COL,Giron,90688
IND,"Ambala Sadar",90712
SWE,Gävle,90742
GTM,Quetzaltenango,90801
IND,Hassan,90803
OMN,Suhar,90814
CHN,Linhai,90870
GBR,Maidstone,90878
BEL,Mons,90935
VEN,"San Felipe",90940
DEU,Ratingen,90951
GBR,Southport,90959
SAU,Najran,91000
RUS,Krasnogorsk,91000
CHN,Putian,91030
IRN,Semnan,91045
CHL,Melipilla,91056
GBR,Halifax,91069
SYR,Idlib,91081
USA,"Santa Monica",91084
DEU,Düren,91092
IDN,Sawangan,91100
SAU,Unayza,91100
ARG,Tandil,91101
AUT,Klagenfurt,91141
JPN,Tsuyama,91170
IDN,"Padang Sidempuan",91200
BRA,"Campo Largo",91203
USA,Cary,91213
JPN,Kashiwazaki,91229
USA,Boulder,91238
KEN,Nyeri,91258
EGY,Disuq,91300
CZE,Pardubice,91309
JPN,Narita,91470
CHN,Tumen,91471
RUS,Kirovo-Tšepetsk,91600
JPN,Mobara,91664
CHL,"San Pedro de la Paz",91684
EGY,al-Hawamidiya,91700
ITA,Arezzo,91729
USA,Visalia,91762
BRA,Votorantim,91777
BRA,"Santana do Livramento",91779
USA,"San Mateo",91799
MEX,Matamoros,91858
IDN,Batam,91871
ITA,Barletta,91904
BRA,"São Lourenço da Mata",91999
CHN,Kaiyuan,91999
GBR,Gillingham,92000
GBR,Hartlepool,92000
GBR,Woking/Byfleet,92000
TWN,Ilan,92000
PSE,Rafah,92020
USA,Arden-Arcade,92040
DEU,Lünen,92044
TWN,Kangshan,92200
BRA,Guaíba,92224
KOR,Mun-gyong,92239
USA,Fairfield,92256
ESP,"Torrejón de Ardoz",92262
AUS,Cairns,92273
USA,Gainesville,92291
IDN,Sunggal,92300
ISR,Ashqelon,92300
PAK,Vihari,92300
RUS,Derbent,92300
YUG,Prizren,92303
ITA,Pisa,92379
JPN,Kameoka,92398
PHL,Candelaria,92429
PHL,Sorsogon,92512
IND,Purulia,92574
IND,Bettiah,92583
JPN,Izumisano,92583
IDN,Jombang,92600
RUS,Vorkuta,92600
CAN,Sudbury,92686
MEX,Temixco,92686
PHL,"Santa Cruz",92694
IDN,"Pondok Aren",92700
MAR,Taza,92700
NLD,Alkmaar,92713
BRA,Cametá,92779
TZA,Tabora,92800
USA,Compton,92864
CHN,Yuzhou,92889
RUS,Puškin,92900
IND,Vidisha,92917
USA,Billings,92988
TUR,Kars,93000
CHN,Bose,93009
JPN,Kanuma,93053
CHN,Enshi,93056
JPN,Isahaya,93058
CHL,Coronel,93061
GBR,Birkenhead,93087
PAK,Khuzdar,93100
IND,"Kanpur Cantonment",93109
BRA,Bacabal,93121
SWE,Sundsvall,93126
IDN,Majalaya,93200
JPN,Kimitsu,93216
PHL,Malungon,93232
ITA,"Giugliano in Campania",93286
RUS,Novouralsk,93300
JPN,Higashimatsuyama,93342
BRA,Ji-Paraná,93346
IND,Nagaon,93350
USA,Roanoke,93357
MEX,Tultepec,93364
IND,Bansberia,93447
ITA,Brindisi,93454
FRA,Tourcoing,93540
PHL,Bayugan,93623
USA,Brockton,93653
IND,Chhindwara,93731
DEU,Marl,93735
ESP,"Santiago de Compostela",93745
JPN,Onomichi,93756
VEN,"San Fernando de Apure",93809
ZAF,George,93818
BRA,Tatuí,93897
AZE,Mingäçevir,93900
SAU,al-Hawiya,93900
POL,"Jelenia Góra",93901
FRA,Argenteuil,93961
ROM,Resita,93976
SVK,Prešov,93977
MOZ,Maxixe,93985
USA,Albany,93994
CHN,Emeishan,94000
RUS,Zeleznogorsk,94000
MTQ,Fort-de-France,94050
IDN,Gorontalo,94058
PRI,"Toa Baja",94085
THA,"Nakhon Pathom",94100
RUS,Bugulma,94100
USA,Richmond,94100
USA,Norman,94193
EGY,Idfu,94200
IRN,Jahrom,94200
VEN,Araure,94269
GBR,Rochdale,94313
MEX,Salvatierra,94322
IND,"Delhi Cantonment",94326
ITA,Andria,94443
PHL,Laoag,94466
ITA,"Torre del Greco",94505
IND,Dehri,94526
GBR,Solihull,94531
USA,"El Cajon",94578
ESP,"Dos Hermanas",94591
IRN,"Torbat-e Heydariyeh",94600
ARG,"San Rafael",94651
BRA,Birigui,94685
BGR,Šumen,94686
IDN,"Jaya Pura",94700
MEX,Tantoyuca,94709
USA,"New Bedford",94780
JPN,Maizuru,94784
IDN,Kendari,94800
CPV,Praia,94800
MMR,"Pagakku (Pakokku)",94800
CHL,Ovalle,94854
PHL,"Sultan Kudarat",94861
IND,"Meerut Cantonment",94876
THA,Songkhla,94900
ITA,Udine,94932
MEX,Tejupilco,94934
KEN,Meru,94947
GBR,Worcester,95000
UKR,Kostjantynivka,95000
DEU,Gütersloh,95028
NLD,Heerlen,95052
IND,Satara,95133
JPN,Yamatokoriyama,95165
PHL,Capas,95219
NLD,Delft,95268
PRY,"Fernando de la Mora",95287
IDN,Kudus,95300
PAK,Kamalia,95300
MEX,"San Felipe",95305
MEX,"Santiago Ixcuintla",95311
USA,"Sunrise Manor",95362
EGY,Jirja,95400
CAN,Delta,95411
MEX,"José Azueta",95448
KOR,Tonghae,95472
CZE,"Ústí nad Labem",95491
ITA,"La Spezia",95504
JPN,Konan,95521
JPN,Yonezawa,95592
PHL,Baybay,95630
IND,Damoh,95661
IND,Mandasor,95758
CHN,Jinzhou,95761
IDN,Garut,95800
IDN,Purwakarta,95900
CHN,Ya´an,95900
VEN,"Valle de la Pascua",95927
BRA,"Coronel Fabriciano",95933
PAK,"Ahmadpur East",96000
UKR,Konotop,96000
JPN,Urasoe,96002
BIH,Zenica,96027
GBR,Colchester,96063
PRT,Coímbra,96100
RUS,Anzero-Sudzensk,96100
IND,Patan,96109
PHL,Nasugbu,96113
BRA,Jacobina,96131
ETH,"Bahir Dar",96140
MAR,Settat,96200
BRA,Parnamirim,96210
IND,Achalpur,96216
ROM,Tulcea,96278
BRA,Ourinhos,96291
IND,Ashoknagar-Kalyangarh,96315
IND,Hospet,96322
BRA,Salto,96348
IRN,Marand,96400
RUS,Zukovski,96500
PHL,Bayambang,96609
BRA,Eunápolis,96610
IDN,Mojokerto,96626
LAO,Savannakhet,96652
ITA,Catanzaro,96700
BGD,Gazipur,96717
ZAF,Nigel,96734
MEX,"San Luis de la Paz",96763
BGD,Saidpur,96777
DZA,"Ech-Chleff (el-Asnam)",96794
MMR,"Tavoy (Dawei)",96800
TWN,Tsaotun,96800
TZA,Moshi,96800
IND,Godhra,96813
PHL,Guagua,96858
BRA,"Angra dos Reis",96864
SWE,Borås,96883
RUS,Zeleznogorsk,96900
FIN,Lahti,96921
ETH,Mekele,96938
JPN,Fujimi,96972
FRA,Roubaix,96984
GBR,Crawley,97000
BLR,Molodetšno,97000
ZAF,Rustenburg,97008
VNM,"Buon Ma Thuot",97044
RUS,Balašov,97100
CHN,"Tong Xian",97168
VEN,"Ocumare del Tuy",97168
MEX,Cosoleacaque,97199
EGY,Qalyub,97200
IND,Banda,97227
ITA,Bolzano,97232
BRA,"Paulo Afonso",97291
PAK,"Mandi Bahauddin",97300
RUS,Bataisk,97300
RUS,Nojabrsk,97300
ETH,Dese,97314
PHL,Talavera,97329
NIC,Chinandega,97387
MEX,"Las Margaritas",97389
RUS,Neftejugansk,97400
GBR,Chelmsford,97451
BRA,"Conselheiro Lafaiete",97507
MRT,Nouâdhibou,97600
RUS,Tobolsk,97600
JPN,Takasago,97632
IND,Palayankottai,97662
EGY,Talkha,97700
IND,Hazaribag,97712
USA,"Miami Beach",97855
PHL,Bislig,97860
RUS,Jessentuki,97900
POL,Jaworzno,97929
CHN,Zhangjiagang,97994
KAZ,Taldyqorghan,98000
RUS,Uhta,98000
USA,"Mission Viejo",98049
CZE,"Hradec Králové",98080
NZL,"Lower Hutt",98100
JPN,Isehara,98123
BRA,Sertãozinho,98140
CZE,"Ceské Budejovice",98186
BRA,Pinhais,98198
RUS,Kuznetsk,98200
ITA,Lecce,98208
ESP,Barakaldo,98212
IND,Sasaram,98220
JPN,Sakado,98221
USA,Davenport,98256
USA,Midland,98293
IRN,Rafsanjan,98300
BRA,"São José de Ribamar",98318
ITA,Ancona,98329
BGD,Narsinghdi,98342
ITA,Piacenza,98384
BRA,Araguari,98399
SLV,"Nueva San Salvador",98400
PRI,Mayagüez,98434
MUS,Vacoas-Phoenix,98464
IRN,"Bandar-e Anzali",98500
CUB,"Ciego de Ávila",98505
ROM,"Târgu Jiu",98524
CHN,Jieyang,98531
BRA,Passos,98570
PAK,Dadu,98600
IND,Pudukkottai,98619
IND,Orai,98640
CHN,Xinzhou,98667
JPN,Inazawa,98746
PHL,Danao,98781
IND,Champdani,98818
SAU,al-Qatif,98900
TWN,Touliu,98900
SWE,Lund,98948
BRA,Crato,98965
ROM,Focsani,98979
ROM,Târgoviste,98980
UKR,Oleksandrija,99000
MDG,Fianarantsoa,99005
CZE,Liberec,99155
CHN,Fuqing,99193
CHN,Pingliang,99265
MEX,Tecomán,99296
MOZ,Gurue,99300
VEN,"Ciudad Ojeda",99354
PHL,Cavite,99367
BRA,Toledo,99387
SEN,Diourbel,99400
MOZ,Xai-Xai,99442
DEU,Iserlohn,99474
TCD,Moundou,99500
TUR,Tokat,99500
ARG,Ezeiza,99578
BGD,Sirajganj,99669
PRY,Lambaré,99681
IDN,"Palangka Raya",99693
MEX,Lerma,99714
MEX,"San Pedro Cholula",99734
JPN,Tokai,99738
DEU,Jena,99779
MEX,Zumpango,99781
JAM,Portmore,99799
PHL,Dipolog,99862
DEU,Trier,99891
TUR,Nazilli,99900
MEX,"Taxco de Alarcón",99907
USA,Clearwater,99936
GBR,Worthing,100000
PHL,Malita,100000
LKA,Negombo,100000
RUS,Kinešma,100000
DEU,Kaiserslautern,100025
BRA,"Pouso Alegre",100028
JPN,Nishio,100032
PRI,Guaynabo,100053
IND,Tonk,100079
RUS,Zeleznodoroznyi,100100
DZA,Tiaret,100118
PRI,Arecibo,100131
MEX,"San Francisco del Rincón",100149
IND,Kanchrapara,100194
RUS,Zelenodolsk,100200
IND,Habra,100223
PSE,Nablus,100231
JPN,Hoya,100313
USA,Burbank,100316
IND,Haldia,100347
BRA,Atibaia,100356
YUG,Subotica,100386
BGR,Dobric,100399
RUS,Serov,100400
EGY,al-Arish,100447
IRN,"Shahr-e Kord",100477
CHN,Haining,100478
IND,Guna,100490
IND,"North Barrackpur",100513
USA,Livonia,100545
USA,Portsmouth,100565
MUS,"Beau Bassin-Rose Hill",100616
BRA,Resende,100627
CAN,Gatineau,100702
JPN,Tsuruoka,100713
DEU,Erlangen,100750
CUB,Sancti-Spíritus,100751
MDG,Mahajanga,100807
JPN,Kamagaya,100821
IND,Ongole,100836
IND,Uttarpara-Kotrung,100867
MEX,"Hidalgo del Parral",100881
IRN,Zabol,100887
USA,"San Buenaventura",100916
GBR,Basildon,100924
USA,Westminster,100940
NGA,Epe,101000
TKM,Mary,101000
UKR,"Krasnyi Lutš",101000
UKR,Stahanov,101000
BLR,Lida,101000
BLR,Soligorsk,101000
PHL,Marilao,101017
PHL,"Daraga (Locsin)",101031
BRA,Araras,101046
PER,Ventanilla,101056
RUS,Kyzyl,101100
ESP,Marbella,101144
PHL,Kidapawan,101205
EST,Tartu,101246
BGD,Naogaon,101266
GTM,"Villa Nueva",101295
IDN,Cibinong,101300
COD,Kalemie,101309
BRA,Itaituba,101320
NOR,Bærum,101340
JPN,Kasuga,101344
USA,Cambridge,101355
CAN,Saanich,101388
PHL,"Bayawan (Tulong)",101391
TUR,Bismil,101400
IND,Basirhat,101409
USA,"Athens-Clarke County",101489
PAK,Daska,101500
NLD,Ede,101574
PER,Puno,101578
JPN,Sakata,101651
IND,Gudivada,101656
IND,Modinagar,101660
PAK,"Chishtian Mandi",101700
RUS,Votkinsk,101700
JPN,Ise,101732
PHL,Arayat,101792
EGY,"Mit Ghamr",101801
BWA,Francistown,101805
ZAF,Potchefstroom,101817
CAN,Coquitlam,101820
USA,Sandy,101853
RUS,Novošahtinsk,101900
CAN,"Saint John´s",101936
MOZ,Tete,101984
MYS,"Shah Alam",102019
ITA,Novara,102037
CHN,Kunshan,102052
PHL,"San Fernando",102082
USA,Pueblo,102121
CHN,Zhucheng,102134
USA,Arvada,102153
JPN,Fukaya,102156
IND,Bhuj,102176
KWT,"Jalib al-Shuyukh",102178
PAK,Khairpur,102200
BRA,Itabira,102217
HTI,Le-Cap-Haïtien,102233
PHL,Dumaguete,102265
USA,"Cape Coral",102286
POL,Jastrzebie-Zdrój,102294
TUR,Erzincan,102304
USA,"Green Bay",102313
USA,"Santa Clara",102361
POL,Slupsk,102370
BRA,Cubatão,102372
PHL,Gingoog,102379
CHN,Xingcheng,102384
TUR,Ceyhan,102412
POL,Grudziadz,102434
TZA,Arusha,102500
BRA,"Jaraguá do Sul",102580
GMB,Serekunda,102600
NGA,Ugep,102600
CHN,Huangshan,102628
IND,Rishra,102649
TUR,Aksaray,102681
CZE,Olomouc,102702
JPN,Ikeda,102710
MEX,"Chilapa de Alvarez",102716
USA,Berkeley,102743
USA,Gary,102746
CHN,Guangshui,102770
CHN,Sanya,102820
MEX,Temapache,102824
DEU,Schwerin,102878
IND,Wardha,102985
IDN,Salatiga,103000
TWN,Lungtan,103088
CHN,Fujin,103104
ESP,Algeciras,103106
BRA,Codó,103153
JPN,Tajimi,103171
CHN,Danjiangkou,103211
BRA,Cachoeirinha,103240
BGD,Pabna,103277
USA,Norwalk,103298
IDN,Klaten,103300
YEM,Ibb,103300
PAK,Jaranwala,103300
RUS,Elista,103300
DEU,Witten,103384
NGA,Ise-Ekiti,103400
PAK,"Tando Adam",103400
BRA,Guaratinguetá,103433
USA,"Citrus Heights",103455
IDN,Pemalang,103500
RUS,Usolje-Sibirskoje,103500
KOR,Namwon,103544
BGD,Jamalpur,103556
BEN,Parakou,103577
IND,"Tellicherry (Thalassery)",103579
IRN,"Marv Dasht",103579
CAN,Guelph,103593
MMR,Myingyan,103600
FRA,Nancy,103605
USA,"Daly City",103621
GHA,Sekondi-Takoradi,103653
USA,Erie,103717
MEX,"Río Bravo",103901
GBR,Oldham,103931
PHL,Cauayan,103952
JAM,Kingston,103962
JPN,Toda,103969
TUR,Afyon,103984
DEU,Hildesheim,104013
ESP,Mataró,104095
DEU,Zwickau,104146
BRA,Barretos,104156
MEX,Cunduacán,104164
IND,Haldwani-cum-Kathgodam,104195
USA,"Wichita Falls",104197
TUR,Karaman,104200
CHN,Hengshui,104269
RUS,Mezduretšensk,104400
GBR,York,104425
SWE,Umeå,104512
CHN,Shishou,104571
IND,Gandhidham,104585
IND,Hindupur,104651
MMR,"Henzada (Hinthada)",104700
TWN,Nantou,104723
HRV,Osijek,104761
IRN,Shahrud,104765
RUS,Štšolkovo,104900
ITA,Trento,104906
MEX,"Comitán de Domínguez",104986
BFA,Koudougou,105000
NGA,Agege,105000
UKR,Jenakijeve,105000
CHN,Suqian,105021
USA,"West Covina",105080
IDN,Citeureup,105100
KHM,"Siem Reap",105100
BRA,Apucarana,105114
FRA,Perpignan,105115
HUN,Székesfehérvár,105119
USA,Provo,105166
USA,Lowell,105167
MEX,"Los Cabos",105199
RUS,Ust-Ilimsk,105200
CHN,Fu´an,105265
CHN,Jinchang,105287
IND,Beawar,105363
IND,Qutubullapur,105380
CAN,Abbotsford,105403
BEL,Namur,105419
JPN,Hikone,105508
BGR,Sliven,105530
HUN,Kecskemét,105606
IRN,Khorramshahr,105636
JPN,Sanda,105643
VEN,Pozuelos,105690
BEL,Schaerbeek,105692
MMR,"Prome (Pyay)",105700
RUS,Sarapul,105700
PHL,Midsayap,105760
ZAF,Paarl,105768
NLD,Zwolle,105819
NLD,Emmen,105853
NGA,Ejigbo,105900
PHL,Mati,105908
PHL,Calapan,105910
IND,Surendranagar,105973
GBR,Cheltenham,106000
PAK,Abottabad,106000
BLR,Novopolotsk,106000
RUS,Solikamsk,106000
GBR,"Sutton Coldfield",106001
BGD,Tangail,106004
TUR,Tekirdag,106077
IND,Gonda,106078
JPN,Kuwana,106121
DEU,"Bergisch Gladbach",106150
MEX,Hidalgo,106198
USA,Joliet,106221
JPN,Kusatsu,106232
BRA,Linhares,106278
GBR,"Saint Helens",106293
RUS,Glazov,106300
CHN,Bozhou,106346
FRA,Boulogne-Billancourt,106367
TUR,Viransehir,106400
VNM,"Da Lat",106409
USA,McAllen,106414
IND,Valparai,106523
FRA,Rouen,106592
TUN,Gabès,106600
IND,Pilibhit,106605
PHL,Cabuyao,106630
USA,Allentown,106632
POL,Kalisz,106641
JPN,Iwakuni,106647
BRA,"Santa Cruz do Sul",106734
IDN,Depok,106800
NGA,Igboho,106800
DEU,Moers,106837
JPN,Akishima,106914
IRN,Andimeshk,106923
JPN,Kokubunji,106996
GBR,Gloucester,107000
IDN,Taman,107000
CHN,Yuanjiang,107004
USA,Manchester,107006
MAR,"Ksar el Kebir",107065
JPN,Tokuyama,107078
TUR,Siirt,107100
VEN,Calabozo,107146
IND,Abohar,107163
PHL,Tabaco,107166
IND,Tambaram,107187
IRN,Varamin,107233
USA,Waterbury,107271
DZA,Béchar,107311
CAN,Gloucester,107314
USA,Downey,107323
CHN,Cixi,107329
BRA,Colatina,107354
IND,Barasat,107365
RUS,Kansk,107400
IND,Unnao,107425
ITA,Forlì,107475
OMN,Bawshar,107500
JPN,Iida,107583
IND,Guntakal,107592
MMR,"Lashio (Lasho)",107600
JPN,Yatsushiro,107661
BRA,Botucatu,107663
PHL,"General Trias",107691
PHL,Silay,107722
COL,Sogamoso,107728
BRA,"Rio Verde",107755
BRA,Catanduva,107761
ITA,Terni,107770
BRA,Sabará,107781
USA,"South Bend",107789
IRN,Mahabad,107799
NGA,Gombe,107800
PAK,"Pak Pattan",107800
KOR,Naju,107831
CHN,Shanwei,107847
JPN,Komatsu,107937
DEU,Koblenz,108003
PER,Cajamarca,108009
IND,Bidar,108016
MEX,"Huejutla de Reyes",108017
SYR,al-Raqqa,108020
COL,Maicao,108053
SAU,Ara´ar,108100
BRA,"Ribeirão Pires",108121
PHL,"San Jose",108254
JPN,Muroran,108275
IND,Shivapuri,108277
RUS,Obninsk,108300
IND,Moga,108304
BRA,Varginha,108314
CHN,Yuncheng,108359
USA,Peoria,108364
VNM,"My Tho",108404
TWN,Hualien,108407
BRA,"Teixeira de Freitas",108441
DOM,"San Francisco de Macorís",108485
CHN,Liling,108504
IND,Kulti-Barakar,108518
COL,Florencia,108574
IND,"Yeotmal (Yavatmal)",108578
JPN,Handa,108600
PAK,Muridke,108600
USA,"Costa Mesa",108724
USA,Clarksville,108787
KOR,Uiwang,108788
NOR,Stavanger,108848
MEX,Guadalupe,108881
USA,"West Valley City",108896
TUN,Biserta,108900
BRA,"Franco da Rocha",108964
UKR,Kamjanets-Podilskyi,109000
BGD,Brahmanbaria,109032
COD,Goma,109094
ESP,"Ourense (Orense)",109120
VEN,Guatire,109121
ISL,Reykjavík,109184
CAN,Cambridge,109186
IND,Tiruvannamalai,109196
DEU,Siegen,109225
CHN,Yumen,109234
BRA,"Lauro de Freitas",109236
ESP,Jaén,109247
CHN,Yizheng,109268
SEN,Mbour,109300
POL,Legnica,109335
CUB,Manzanillo,109350
COD,Butembo,109406
CIV,Korhogo,109445
IND,Gondiya,109470
PHL,Mexico,109481
KAZ,Rudnyy,109500
UZB,Termiz,109500
CHN,Liyang,109520
USA,Bellevue,109569
USA,Carrollton,109576
IDN,Lhokseumawe,109600
PAK,Bahawalnagar,109600
RUS,Novotroitsk,109600
USA,Gilbert,109697
JPN,Mishima,109699
ITA,Vicenza,109738
COL,Tunja,109740
IND,Bhind,109755
DEU,Fürth,109771
AUS,Townsville,109914
IND,Santipur,109956
BRA,Jaú,109965
GHA,Tema,109975
BLR,Mozyr,110000
RUS,Kiseljovsk,110000
PER,"Chincha Alta",110016
IND,Mango,110024
JPN,Iwatsuki,110034
CHN,Zixing,110048
ARG,"San Luis",110136
NLD,Zoetermeer,110214
DZA,"Tlemcen (Tilimsen)",110242
USA,Lafayette,110257
IND,Anand,110266
DEU,Reutlingen,110343
FRA,Mulhouse,110359
JAM,"Spanish Town",110379
MEX,Acuña,110388
PHL,Ozamis,110420
MEX,Acámbaro,110487
PHL,Tanza,110517
PHL,Santiago,110531
MEX,"Almoloya de Juárez",110550
COL,Buga,110699
RUS,Arzamas,110700
PHL,Polomolok,110709
NLD,Haarlemmermeer,110722
DEU,Cottbus,110894
COL,Girardot,110963
JPN,Koganei,110969
GBR,Exeter,111000
PHL,"San Jose",111009
TWN,Taitung,111039
RUS,"Sergijev Posad",111100
NGA,Awka,111200
IRN,Saveh,111245
IRN,"Gonbad-e Qabus",111253
BRA,Abaetetuba,111258
JPN,Kitami,111295
USA,"Simi Valley",111351
PHL,Hagonoy,111425
USA,Springfield,111454
IDN,Ciparay,111500
RUS,Oktjabrski,111500
TUR,Zonguldak,111542
PHL,Urdaneta,111582
JPN,Ikoma,111645
JPN,Higashikurume,111666
GEO,Sohumi,111700
AUT,Innsbruck,111752
CHN,Yong´an,111762
IND,Pallavaram,111866
KEN,Eldoret,111882
TWN,Tanshui,111882
GBR,Slough,112000
SUR,Paramaribo,112000
TUR,Kiziltepe,112000
UKR,Jevpatorija,112000
DZA,Tébessa,112007
TWN,Kueishan,112195
ESP,"Lleida (Lérida)",112207
ETH,Gonder,112249
MEX,Lerdo,112272
SAU,Abha,112300
CHN,Quzhou,112373
POL,Koszalin,112375
HUN,Nyiregyháza,112419
IND,"Bhir (Bid)",112434
PHL,"General Mariano Alvarez",112446
MAR,Nador,112450
MEX,"El Mante",112453
CMR,Nkongsamba,112454
VNM,Vinh,112455
USA,Inglewood,112580
CHN,Beihai,112673
CHN,Xuangzhou,112673
DEU,Salzgitter,112934
USA,Peoria,112936
NER,Maradi,112965
ESP,Tarragona,113016
BRA,Barbacena,113079
GBR,Watford,113080
GRC,Larisa,113090
TUN,Kairouan,113100
FRA,Orléans,113126
BRA,"Santa Rita",113135
PHL,Malasiqui,113190
CHN,Yan´an,113277
IND,Hathras,113285
USA,Independence,113288
USA,Macon,113336
ARG,Pilar,113428
KOR,Sachon,113494
KOR,Yongchon,113511
BRA,"Vitória de Santo Antão",113595
EGY,Bilbays,113608
USA,Waco,113726
RUS,Leninsk-Kuznetski,113800
USA,Beaumont,113866
PSE,Jabaliya,113901
CAN,Halifax,113910
CHN,Kaili,113958
FRA,Caen,113987
GBR,Ipswich,114000
USA,"Ann Arbor",114024
CHN,Guigang,114025
IND,Halisahar,114028
CAN,"East York",114034
VNM,"Cam Ranh",114041
CHN,Yuyao,114065
IND,Titagarh,114085
ITA,Latina,114099
IND,Rajapalaiyam,114202
GRC,Kallithea,114233
VNM,"Phan Thiêt",114236
CHN,Renqiu,114256
IDN,Cianjur,114300
ARE,Ajman,114395
CHE,Lausanne,114500
IRQ,Baquba,114516
PHL,Sariaya,114568
CHN,Qinzhou,114586
BRA,Garanhuns,114603
DEU,Gera,114718
CAN,"Cape Breton",114733
MYS,"Sungai Petani",114763
JPN,Asaka,114815
DEU,Ingolstadt,114826
LVA,Daugavpils,114829
IND,Bankura,114876
UZB,Olmalik,114900
IND,"Purnea (Purnia)",114912
BRA,Araguaína,114948
SDN,Juba,114980
PAK,Gojra,115000
BRA,Queimados,115020
CAN,Nepean,115100
IND,"Berhampore (Baharampur)",115144
PHL,"Rodriguez (Montalban)",115167
PHL,Concepcion,115171
DZA,Mostaganem,115212
IRN,Saqqez,115394
KOR,Kimje,115427
IND,Silchar,115483
USA,"North Las Vegas",115488
SVN,Maribor,115532
MEX,Ixtlahuaca,115548
JPN,Ebina,115571
COD,Uvira,115590
ITA,Pescara,115698
RUS,Neftekamsk,115700
CHL,Curicó,115766
JPN,Toyokawa,115781
KOR,Hanam,115812
TWN,Taliao,115897
CAN,"Thunder Bay",115913
USA,Abilene,115930
USA,"El Monte",115965
UKR,Lysytšansk,116000
DEU,Ulm,116103
MEX,Delicias,116132
GRC,Herakleion,116178
CHN,Hongjiang,116188
RUS,Novokuibyševsk,116200
BEL,Brugge,116246
VEN,"El Tigre",116256
USA,Columbia,116278
KEN,Machakos,116293
THA,"Ubon Ratchathani",116300
UZB,Navoi,116300
RUS,"Velikije Luki",116300
CAN,"Richmond Hill",116428
ARG,Concordia,116485
DEU,"Offenbach am Main",116627
USA,Palmdale,116670
IND,Porbandar,116671
ARG,Escobar,116675
IND,Budaun,116695
USA,Vallejo,116760
IND,Mahbubnagar,116833
IRN,Masjed-e-Soleyman,116883
BRA,"Bragança Paulista",116929
IDN,Cilegon,117000
USA,"Thousand Oaks",117005
VEN,"Catia La Mar",117012
MEX,Atlixco,117019
USA,Stamford,117083
SWE,Jönköping,117095
NZL,Hamilton,117100
DZA,Béjaïa,117162
NLD,Leiden,117196
NGA,Shagamu,117200
RUS,Noginsk,117200
DEU,Pforzheim,117227
JPN,Yaizu,117258
CHN,Puqi,117264
TUR,Alanya,117300
BGD,Sylhet,117396
PHL,Tanauan,117539
USA,"Coral Springs",117549
IND,Fatehpur,117675
PHL,"San Juan del Monte",117680
FRA,Besançon,117733
SWE,Helsingborg,117737
JPN,Okinawa,117748
PAK,Khanpur,117800
TZA,Morogoro,117800
ITA,Bergamo,117837
MEX,Apatzingán,117849
ROM,"Drobeta-Turnu Severin",117865
LKA,"Sri Jayawardenepura Kotte",118000
IND,Neyveli,118080
ZMB,Luanshya,118100
POL,"Zielona Góra",118182
AGO,Namibe,118200
TUR,Kilis,118245
PHL,"San Carlos",118259
TUR,Karabük,118285
JPN,Kiryu,118326
MEX,Orizaba,118488
PHL,Surigao,118534
ROM,Suceava,118549
CHN,Kuytun,118553
RUS,Seversk,118600
USA,"Fort Collins",118652
USA,Lancaster,118718
JPN,Hofu,118751
JPN,Ebetsu,118805
MEX,"Martínez de la Torre",118815
CHL,Quilpué,118857
CHN,Lianyuan,118858
MEX,"Tepatitlán de Morelos",118948
PER,Ayacucho,118960
BRA,Camaragibe,118968
JPN,Habikino,118968
UKR,Altševsk,119000
MAR,"El Jadida",119083
USA,Lansing,119128
ARG,"San Juan",119152
JPN,Higashihiroshima,119166
BRA,"Patos de Minas",119262
EGY,Mallawi,119283
JPN,Aizuwakamatsu,119287
ARG,"San Nicolás de los Arroyos",119302
JPN,Imabari,119357
BRA,Itapetininga,119391
RUS,Jelets,119400
PSE,Hebron,119401
BRA,"Cabo Frio",119503
ITA,Monza,119516
DEU,Heilbronn,119526
NZL,Dunedin,119600
VEN,Carúpano,119639
JPN,Kawachinagano,119666
PHL,Baliuag,119675
JPN,Fujinomiya,119714
ROM,"Râmnicu Vâlcea",119741
IND,Balurghat,119796
NGA,Inisa,119800
SAU,Yanbu,119800
NLD,Dordrecht,119811
IND,Nandyal,119813
PHL,Ilagan,119990
CHN,Lhasa,120000
IRN,Bukan,120020
CHN,Manzhouli,120023
CHN,Heyuan,120101
DEU,Remscheid,120125
IND,Dibrugarh,120127
CHL,Copiapó,120128
BGD,Bogra,120170
BRA,"Sapucaia do Sul",120217
MDG,Antsirabé,120239
IND,Mandya,120265
IND,Chandannagar,120378
RUS,Kislovodsk,120400
CHN,Sanmenxia,120523
USA,Elizabeth,120568
PHL,Tuguegarao,120645
RUS,Mitšurinsk,120700
FIN,Oulu,120753
USA,"Cedar Rapids",120758
IDN,Probolinggo,120770
BRA,Bagé,120793
ESP,"Santa Coloma de Gramenet",120802
ITA,Sassari,120803
ZAF,Randfontein,120838
NER,Zinder,120892
JPN,Ishinomaki,120963
GBR,Cambridge,121000
RUS,Magadan,121000
USA,Fayetteville,121015
JPN,Noda,121030
MEX,"San Martín Texmelucan",121093
DEU,Bottrop,121097
IND,Krishnanagar,121110
BRA,"Francisco Morato",121197
IND,Bhimavaram,121314
GBR,Rotherham,121380
CHN,Jiaonan,121397
IND,Cuddapah,121463
POL,Tarnów,121494
KOR,Miryang,121501
USA,Hartford,121578
USA,Evansville,121582
PAK,Muzaffargarh,121600
RUS,Atšinsk,121600
IND,Bhiwani,121629
LBY,Misrata,121669
RUS,Tšerkessk,121700
POL,Chorzów,121708
MEX,Zinacantepec,121715
USA,Concord,121780
IND,Sitapur,121842
CIV,Daloa,121842
BRA,Pindamonhangaba,121904
TUR,Isparta,121911
BRA,Palmas,121919
MEX,"Tulancingo de Bravo",121946
CHN,Linchuan,121949
BGR,Pleven,121952
DEU,Wolfsburg,121954
JPN,Kisarazu,121967
JPN,Zama,122046
KOR,Kwang-yang,122052
NLD,Maastricht,122087
PRT,Amadora,122106
SWE,Norrköping,122199
USA,Topeka,122377
IDN,Serang,122400
YEM,al-Mukalla,122400
NGA,Lafia,122500
IND,Ambala,122596
IDN,Blitar,122600
KOR,Poryong,122604
MMR,"Mergui (Myeik)",122700
CHE,Bern,122700
IND,Hoshiarpur,122705
DEU,Bremerhaven,122735
IND,Veraval,123000
ARG,Mendoza,123027
ECU,Esmeraldas,123045
NGA,Makurdi,123100
ECU,Ríobamba,123163
PSE,"Khan Yunis",123175
MEX,"Tlajomulco de Zúñiga",123220
CHN,Zhumadian,123232
CUB,Matanzas,123273
JPN,Isesaki,123285
IND,"Palghat (Palakkad)",123289
NGA,Ikire,123300
TUR,Çorlu,123300
CHN,Dujiangyan,123357
IND,Gandhinagar,123359
CHN,Laohekou,123366
POL,Wloclawek,123373
TUR,Edirne,123383
KAZ,Kökshetau,123400
RUS,Novotšeboksarsk,123400
JPN,Matsusaka,123582
USA,"New Haven",123626
PHL,Malaybalay,123672
CHN,Chaohu,123676
MEX,Zacatecas,123700
FRA,Metz,123776
BRA,Moji-Guaçu,123782
IDN,Magelang,123800
THA,"Nakhon Sawan",123800
PHL,"San Miguel",123824
NIC,León,123865
ECU,Loja,123875
MEX,"Iguala de la Independencia",123883
ZMB,Mufulira,123900
IND,Pathankot,123930
CHN,Linqing,123958
USA,"Sioux Falls",123975
GBR,Norwich,124000
IDN,"Pangkal Pinang",124000
BLR,Orša,124000
JPN,Kashihara,124013
MEX,Manzanillo,124014
IND,Etawah,124072
ARG,"Comodoro Rivadavia",124104
KOR,Sangju,124116
ECU,Milagro,124177
SWE,Örebro,124207
FRA,Villeurbanne,124215
JPN,Ueda,124217
CHN,Kaiyuan,124219
MYS,"Selayang Baru",124228
MEX,Cuauhtémoc,124279
IDN,Waru,124300
MYS,"Alor Setar",124412
IND,Faizabad,124437
USA,"Sterling Heights",124471
BRA,"Teófilo Otoni",124489
IND,Korba,124501
USA,Mesquite,124523
RUS,Kamyšin,124600
USA,Paradise,124682
MOZ,Mocuba,124700
DOM,"San Pedro de Macorís",124735
DEU,Göttingen,124775
UZB,Cizah,124800
EGY,"Kafr al-Shaykh",124819
RUS,Orehovo-Zujevo,124900
USA,Flint,124943
USA,Corona,124966
IND,Sirsa,125000
DEU,Recklinghausen,125022
IND,Navadwip,125037
ROM,"Piatra Neamt",125070
JPN,Tondabayashi,125094
PHL,Digos,125171
IND,Puri,125199
DEU,Regensburg,125236
IND,Alandur,125244
BOL,Tarija,125255
PAK,Kohat,125300
CHN,Chuzhou,125341
IND,"Raj Nandgaon",125371
AUS,Geelong,125382
IND,Miraj,125407
IND,"Midnapore (Medinipur)",125498
NGA,Bida,125500
JPN,Nobeoka,125547
BRA,Luziânia,125597
BRA,Macaé,125597
VEN,Guanare,125621
CHL,"Punta Arenas",125631
PHL,Lubao,125699
MDA,"Bender (Tîghina)",125700
SAU,al-Tuqba,125700
IDN,Sukabumi,125766
BRA,Timon,125812
MYS,Sandakan,125841
COL,Cartago,125884
BRA,Ibirité,125982
KOR,Chinhae,125997
USA,Fullerton,126003
POL,"Gorzów Wielkopolski",126019
THA,"Pak Kret",126055
IND,Malkajgiri,126066
BRA,Paranaguá,126076
IND,Navsari,126089
NGA,Warri,126100
AUS,Hobart,126118
MEX,"San Pedro Garza García",126147
NLD,Amersfoort,126270
ITA,Syrakusa,126282
MAR,Témara,126303
BRA,Uruguaiana,126305
TWN,Yangmei,126323
SWE,Västerås,126328
IRN,Ilam,126346
PHL,Roxas,126352
USA,"East Los Angeles",126379
MYS,Sibu,126381
TWN,Yuanlin,126402
CHN,Luohe,126438
MEX,Túxpam,126475
THA,"Khon Kaen",126500
JPN,Abiko,126670
BRA,"Itapecerica da Serra",126672
CHN,Huaihua,126785
BRA,Alagoinhas,126820
CHN,Qidong,126872
JPN,Fujieda,126897
ISR,"Ramat Gan",126900
UKR,Pavlograd,127000
UKR,Sjeverodonetsk,127000
UKR,Slovjansk,127000
UKR,Uzgorod,127000
JPN,Minoo,127026
ESP,Logroño,127093
EGY,"Warraq al-Arab",127108
HUN,Györ,127119
IRL,Cork,127187
KAZ,Ekibastuz,127200
IND,Bulandshahr,127201
JPN,Niihama,127207
IDN,Binjai,127222
DZA,"Blida (el-Boulaida)",127284
DEU,Würzburg,127350
RUS,Odintsovo,127400
USA,"Grand Prairie",127427
MDG,Toamasina,127441
VNM,"Hong Gai",127484
JPN,Beppu,127486
MEX,Altamira,127490
JPN,Urayasu,127550
IRN,Birjand,127608
BRA,Castanhal,127634
VNM,"Thai Nguyen",127643
SLV,"San Miguel",127696
USA,"Rancho Cucamonga",127743
AFG,Mazar-e-Sharif,127800
BRA,Barreiras,127801
BGD,Dinajpur,127815
ETH,Nazret,127842
MEX,"Piedras Negras",127898
ESP,"[San Cristóbal de] la Laguna",127945
MEX,"Lagos de Moreno",127949
JPN,Kariya,127969
CAN,Longueuil,127977
IND,Khammam,127992
UZB,Angren,128000
ZWE,Gweru,128037
BRA,Teresópolis,128079
TUR,Usak,128162
CHN,Qingzhou,128258
DZA,Biskra,128281
USA,Alexandria,128283
AGO,Benguela,128300
USA,Naperville,128358
CHN,Loudi,128418
IND,Gurgaon,128608
TUR,Aydin,128651
MEX,"Dolores Hidalgo",128675
ROM,Botosani,128730
DZA,Skikda,128747
USA,Orange,128821
CHN,Weihai,128888
USA,Fontana,128929
IND,Rewa,128981
DEU,Potsdam,128983
IDN,"Percut Sei Tuan",129000
NLD,´s-Hertogenbosch,129170
IDN,Kupang,129300
IDN,"Tebing Tinggi",129300
MEX,Colima,129454
POL,Opole,129553
ECU,Quevedo,129631
BRA,"Poços de Caldas",129683
PER,Huánuco,129688
MMR,Meikhtila,129700
BRA,Parnaíba,129756
PHL,Sagay,129765
POL,Elblag,129782
SLV,Soyapango,129800
KHM,Battambang,129800
IND,"Rae Bareli",129904
AGO,Lobito,130000
CIV,Yamoussoukro,130000
UKR,Berdjansk,130000
BLR,Pinsk,130000
CHN,Zalantun,130031
ROM,"Satu Mare",130059
MEX,Guaymas,130108
CHN,Leiyang,130115
PAK,Hafizabad,130200
KWT,al-Salimiya,130215
VEN,Valera,130281
PHL,Dagupan,130328
JPN,Seto,130470
IND,Junagadh,130484
MEX,"Valle de Santiago",130557
BGD,Nawabganj,130577
JPN,Daito,130594
ECU,Ibarra,130643
TZA,Mbeya,130800
CMR,Bafoussam,131000
POL,Plock,131011
POL,"Dabrowa Górnicza",131037
ITA,Rimini,131062
PHL,Marawi,131090
KOR,Yongju,131097
IND,Sambalpur,131138
CHN,Huai´an,131149
SYR,Duma,131158
KOR,Kongju,131229
VEN,Guacara,131334
BRA,"Nossa Senhora do Socorro",131351
ZWE,Mutare,131367
REU,Saint-Denis,131480
MMR,"Taunggyi (Taunggye)",131500
USA,Savannah,131510
KOR,Tong-yong,131717
IND,Shillong,131719
USA,Sunnyvale,131760
CHN,Tiefa,131807
OMN,Salala,131813
JPN,Kakamigahara,131831
CHN,Yushu,131861
RUS,Serpuhov,132000
ITA,Ferrara,132127
CHN,Meixian,132156
CHN,Changji,132260
MEX,"San Cristóbal de las Casas",132317
IRN,Maragheh,132318
CUB,"Victoria de las Tunas",132350
SEN,Saint-Louis,132400
RUS,Korolev,132400
CHN,Shangrao,132455
RUS,Pjatigorsk,132500
RUS,Nevinnomyssk,132600
VNM,"Long Xuyen",132681
IND,Naihati,132701
BRA,Itu,132736
CHN,Mishan,132744
CUB,Cienfuegos,132770
GBR,Stockport,132813
FRA,Tours,132820
RUS,Balašiha,132900
JPN,Misato,132957
CHN,Duyun,132971
PAK,Khanewal,133000
CHN,Wuwei,133101
IND,"Bharuch (Broach)",133102
CHL,Valdivia,133106
SWE,Linköping,133168
POL,Tychy,133178
JPN,Miyakonojo,133183
CHN,Linhe,133183
IND,Barrackpur,133265
PAK,Shikarpur,133300
BRA,"São Caetano do Sul",133321
PRY,"San Lorenzo",133395
FRA,Nîmes,133424
KOR,Shihung,133443
IND,Chittoor,133462
JPN,Joetsu,133505
CHN,Binzhou,133555
USA,Escondido,133559
CHN,Hailun,133565
TUR,Ordu,133642
MEX,"San Juan Bautista Tuxtepec",133675
LTU,Panevezys,133695
RUS,Himki,133700
PHL,Koronadal,133786
MEX,Macuspana,133795
BEL,"Bruxelles [Brussel]",133859
PRY,"Ciudad del Este",133881
ISR,"Bene Beraq",133900
CHN,Wendeng,133910
IND,Proddatur,133914
USA,Pasadena,133936
PHL,Panabo,133950
FRA,Limoges,133968
BRA,Caxias,133980
IDN,Pasuruan,134019
MEX,Silao,134037
IND,"Gadag Betigeri",134051
JPN,Tsuchiura,134072
BEN,Djougou,134099
FRA,Aix-en-Provence,134222
ARG,"Río Cuarto",134355
CHN,Xichang,134419
JPN,Musashino,134426
CHN,Longyan,134481
VEN,"Ciudad Losada",134501
MEX,Allende,134645
KOR,Sosan,134746
IRN,Bojnurd,134835
ARG,"San Fernando del Valle de Cata",134935
GBR,Preston,135000
YUG,Podgorica,135000
JPN,Matsubara,135010
IRN,Sirjan,135024
COD,Boma,135284
BGD,Comilla,135313
IND,Bahraich,135400
FRA,Amiens,135501
PHL,"San Mateo",135603
NLD,Zaanstad,135621
MEX,"Boca del Río",135721
BRA,Hortolândia,135755
IND,Tirunelveli,135825
COL,Envigado,135848
BRA,Indaiatuba,135968
IND,Jaunpur,136062
RUS,Pervouralsk,136100
IND,Adoni,136182
CAN,"Saint Catharines",136216
CHN,Jincheng,136396
CHN,Anda,136446
JPN,Yonago,136461
CHN,Dali,136554
ESP,Badajoz,136613
IND,"Maunath Bhanjan",136697
CHN,Xianning,136811
IND,Pali,136842
IND,Chapra,136877
NGA,Minna,136900
POL,Walbrzych,136923
USA,Salem,136924
JPN,Higashimurayama,136970
ISR,"Bat Yam",137000
RUS,Dimitrovgrad,137000
IND,Serampore,137028
IND,Amroha,137061
KOR,Chechon,137070
CHN,Laiyang,137080
FRA,Clermont-Ferrand,137140
JOR,al-Rusayfa,137247
CHL,Calama,137265
GRC,Peristerion,137288
TZA,Tanga,137400
CHL,"La Serena",137409
USA,"Pembroke Pines",137427
COD,Mwene-Ditu,137459
MMR,"Sittwe (Akyab)",137600
DEU,Paderborn,137647
GEO,Batumi,137700
PAK,Jacobabad,137700
DEU,Darmstadt,137776
SAU,"Hafar al-Batin",137800
PHL,Naga,137810
USA,Eugene,137893
USA,Torrance,137946
MEX,Zitácuaro,137970
CHN,Lengshuijiang,137994
CMR,Bamenda,138000
NLD,Arnhem,138020
RUS,Novomoskovsk,138100
ARG,"La Rioja",138117
MUS,Port-Louis,138200
JPN,Yamaguchi,138210
TUR,Trabzon,138234
USA,Warren,138247
IRN,Qods,138278
ITA,Ravenna,138418
SYR,Jaramana,138469
MMR,Monywa,138600
NGA,"Deba Habe",138600
SLV,Mejicanos,138800
UZB,Ürgenc,138900
IND,Timkur,138903
JPN,Kadoma,138953
CHN,Da´an,138963
GBR,Newport,139000
GBR,Bolton,139020
KOR,Chong-up,139111
CAN,Oakville,139192
NGA,Sapele,139200
IND,"Ingraj Bazar (English Bazar)",139204
JPN,Ome,139216
BRA,"Ferraz de Vasconcelos",139283
USA,Hollywood,139357
SLV,"Santa Ana",139389
CHN,Longjing,139417
IND,Kumbakonam,139483
USA,Bridgeport,139529
BRA,Lages,139570
DEU,Heidelberg,139672
BGD,Jessore,139710
ESP,"Castellón de la Plana [Castell",139712
USA,Brownsville,139722
ESP,León,139809
JPN,Komaki,139827
IND,"Kollam (Quilon)",139852
GBR,Blackburn,140000
LKA,Kandy,140000
USA,Hayward,140030
BRA,Cotia,140042
CHN,Weinan,140169
CAN,Oshawa,140173
DOM,"La Romana",140204
MAR,Beni-Mellal,140212
IND,"Raurkela Civil Township",140408
SYR,"Dayr al-Zawr",140459
MEX,Navojoa,140495
PRI,Caguas,140502
ESP,Huelva,140583
BOL,Potosí,140642
RUS,Almetjevsk,140700
NGA,Ikare,140800
SAU,Jubayl,140800
UZB,Margilon,140800
RUS,Norilsk,140800
GBR,Poole,141000
CUB,Bayamo,141000
VNM,"Rach Gia",141132
PHL,Toledo,141174
RUS,Kolpino,141200
MEX,Guanajuato,141215
CHL,Osorno,141468
PAK,Sadiqabad,141500
TUR,Adiyaman,141529
USA,Pasadena,141674
SAU,al-Khubar,141700
PHL,Bago,141721
TKM,Dashhowuz,141800
SDN,al-Fashir,141884
PHL,Cadiz,141954
TUR,Kirikkale,142044
ESP,Alcorcón,142048
ITA,Salerno,142055
CUB,"Pinar del Río",142100
CHN,Ankang,142170
KOR,Kuri,142173
MEX,"San Andrés Tuxtla",142251
CHN,Suizhou,142302
USA,"Moreno Valley",142381
ZMB,Chingola,142400
RUS,Murom,142400
ESP,Cádiz,142449
NLD,Almere,142465
KAZ,Atyrau,142500
PHL,Pagadian,142515
PER,Juliaca,142576
CHN,Shuangcheng,142659
IRN,Qarchak,142690
IDN,Palu,142800
JPN,Omuta,142889
NGA,Oka-Akoko,142900
USA,Aurora,142990
CMR,Maroua,143000
USA,Irvine,143072
BIH,"Banja Luka",143079
IRN,Qaemshahr,143286
CHL,Coquimbo,143353
KAZ,Aqtau,143400
IDN,"Banda Aceh",143409
USA,Vancouver,143560
IRN,Bushehr,143641
ITA,"Reggio nell´ Emilia",143664
GBR,Huddersfield,143726
IND,Tenali,143726
IND,"Sonipat (Sonepat)",143922
MEX,Pénjamo,143927
TUR,"Hatay (Antakya)",143982
GBR,Oxford,144000
USA,Lakewood,144126
BRA,Chapecó,144158
AUT,Salzburg,144247
CHN,Liu´an,144248
CHN,Jinhua,144280
PHL,"Santa Maria",144282
SYR,al-Qamishliya,144286
IND,"Yamuna Nagar",144346
IRN,Malayer,144373
CHN,Yulin,144467
POL,Rybnik,144582
TUR,Kütahya,144761
GBR,Middlesbrough,145000
IDN,Karawang,145000
IND,Khandwa,145133
IND,Bhusawal,145143
VNM,"Vung Tau",145145
CAN,Burlington,145150
BRA,Itajaí,145197
MEX,"San Luis Río Colorado",145276
JPN,Ota,145317
ESP,Getafe,145371
MEX,Navolato,145396
TUR,Çorum,145495
GBR,"Oldbury/Smethwick (Warley)",145542
EGY,Banha,145792
PAK,Jhelum,145800
ARG,"Las Heras",145823
NPL,Lalitapur,145847
TUN,Sousse,145900
JPN,Iruma,145922
TUR,Osmaniye,146003
BRA,Sobral,146005
CHN,Suining,146086
FRA,"Le Mans",146105
IND,Hapur,146262
CHN,Zhoukou,146288
NPL,Pokhara,146318
GBR,"West Bromwich",146386
UZB,Circik,146400
MEX,"Ciudad Valles",146411
USA,Hampton,146437
IDN,Bengkulu,146439
IND,Noida,146514
LTU,Šiauliai,146563
KOR,Nonsan,146619
GBR,Dundee,146690
JPN,Tama,146712
USA,"Kansas City",146866
RUS,Elektrostal,147000
KOR,Kimchon,147027
IND,Morena,147124
PHL,Calbayog,147187
IND,Dabgram,147217
IND,"Hardwar (Haridwar)",147305
YUG,Kragujevac,147305
USA,Syracuse,147306
PER,Sullana,147361
JPN,Tottori,147523
ESP,Albacete,147527
KOR,Koje,147562
USA,"Santa Rosa",147595
ARG,Formosa,147636
NGA,Shomolu,147700
JPN,Nagareyama,147738
JPN,Niiza,147744
CAN,Vaughan,147889
PHL,Valencia,147924
BGR,"Stara Zagora",147939
BHR,al-Manama,148000
GBR,Reading,148000
NGA,Kumo,148000
JPN,Hitachinaka,148006
MYS,Kuching,148059
CHN,Langfang,148105
PHL,Talisay,148110
IND,Sikar,148272
CHN,Longkou,148362
ROM,Buzau,148372
IND,Bharatpur,148519
IND,Karimnagar,148583
CHN,Ji´an,148583
THA,"Hat Yai",148632
NLD,Haarlem,148772
EGY,"Bulaq al-Dakrur",148787
CAN,Richmond,148867
IRN,Khoy,148944
LKA,Jaffna,149000
UKR,Nikopol,149000
USA,"Overland Park",149080
BRA,Camaçari,149146
USA,Paterson,149222
USA,Metairie,149428
USA,Pomona,149473
NLD,Enschede,149544
FRA,Brest,149634
ROM,"Baia Mare",149665
DEU,Neuss,149702
PHL,Kabankalan,149769
JPN,Kawanishi,149794
JPN,Matsue,149821
FRA,Dijon,149867
PAK,"Mandi Burewala",149900
BRA,"Cabo de Santo Agostinho",149964
IND,"North Dum Dum",149965
SEN,Rufisque,150000
IND,Kanchipuram,150100
IND,"Munger (Monghyr)",150112
USA,Rockford,150115
MOZ,Quelimane,150116
CHN,Pingdu,150123
NOR,Trondheim,150166
CHN,Taonan,150168
USA,Tallahassee,150624
IND,Durg,150645
BRA,Itapevi,150664
RUS,Kolomna,150700
IND,Sambhal,150869
GBR,Blackpool,151000
PAK,Kamoke,151000
BLR,Borisov,151000
IND,Raiganj,151045
USA,Salinas,151060
GHA,Tamale,151069
USA,"Santa Clarita",151088
TWN,Shulin,151260
FRA,Angers,151279
USA,Springfield,151580
CHN,Yichun,151585
JPN,Ogaki,151758
IND,Dhanbad,151789
IND,Hugli-Chinsurah,151806
CHN,Suzhou,151862
USA,Springfield,152082
MAR,Khouribga,152090
SAU,al-Kharj,152100
CHL,"Puerto Montt",152194
USA,"Fort Lauderdale",152397
CHN,Taizhou,152442
NLD,Nijmegen,152463
COL,Tuluá,152488
ECU,"Duran [Eloy Alfaro]",152514
MEX,"Poza Rica de Hidalgo",152678
JPN,Oyama,152820
JPN,Narashino,152849
MEX,Minatitlán,152983
TUR,Iskenderun,153022
ARG,"San Fernando",153036
IND,Cuddalore,153086
NGA,Effon-Alaiye,153100
DZA,"Sidi Bel Abbès",153106
MEX,Cuautla,153132
FRA,Grenoble,153317
GRC,Patras,153344
CHN,Jiaozhou,153364
BRA,Nilópolis,153383
MDA,Balti,153400
NLD,Apeldoorn,153491
JPN,Anjo,153823
DEU,Oldenburg,154125
PHL,"San Carlos",154264
PHL,Ormoc,154297
ZMB,Kabwe,154300
IND,Katihar,154367
CYP,Limassol,154400
KOR,Asan,154663
MAR,Mohammedia,154706
ITA,Foggia,154891
ISR,Netanya,154900
TWN,Hsichuh,154976
CAN,York,154980
OMN,al-Sib,155000
BRA,"Cachoeiro de Itapemirim",155024
BRA,"São José",155105
BRA,Rondonópolis,155115
IND,Uluberia,155172
IND,Aizawl,155240
MAR,Agadir,155244
KOR,Ichon,155332
GEO,Rustavi,155400
YUG,Priština,155496
IND,"Lalbahadur Nagar",155500
USA,Chattanooga,155554
VEN,"Puerto La Cruz",155700
RUS,Mytištši,155700
JPN,Otaru,155784
ISR,Ashdod,155800
JPN,Moriguchi,155941
GBR,Peterborough,156000
GBR,Brighton,156124
PHL,Silang,156137
CHN,Liangcheng,156307
CHN,Zhoushan,156317
NGA,Ijebu-Ode,156400
CHN,Rui´an,156468
IND,Satna,156630
ITA,Perugia,156673
RUS,Salavat,156800
CHN,Wanxian,156823
PHL,Legazpi,157010
IND,"Arrah (Ara)",157082
JPN,Kumagaya,157171
RUS,Ussurijsk,157300
HUN,Pécs,157332
IND,Agartala,157358
KAZ,Qyzylorda,157400
IND,Raichur,157551
TZA,Zanzibar,157634
RUS,Nahodka,157700
NPL,Biratnagar,157764
NGA,Gusau,158000
USA,Ontario,158007
THA,"Udon Thani",158100
HUN,Szeged,158158
ARG,Ituzaingó,158197
CHL,"Los Angeles",158215
USA,Huntsville,158216
MOZ,Naçala-Porto,158248
MEX,Huimanguillo,158335
IRN,Babol,158346
USA,Tempe,158625
ESP,Salamanca,158720
IRN,Neyshabur,158847
VEN,Acarigua,158954
IND,"Bhatinda (Bathinda)",159042
IRN,Amol,159092
MEX,Nogales,159103
IND,"Machilipatnam (Masulipatam)",159110
IND,Erode,159232
CHN,Korla,159344
COL,"Dos Quebradas",159363
ISR,"Petah Tiqwa",159400
JPN,Tachikawa,159430
CHN,Ulanhot,159538
ZAF,Westonaria,159632
POL,"Ruda Slaska",159665
RUS,Kovrov,159900
EGY,"Shibin al-Kawm",159909
IND,Vizianagaram,160359
NLD,Breda,160398
BRA,Guarapuava,160510
TWN,Luchou,160516
FRA,Toulon,160639
CHN,Sanming,160691
JPN,Tsukuba,160768
CHN,Jinmen,160794
DEU,Leverkusen,160841
CHN,Huizhou,161023
USA,Oceanside,161029
TWN,Fengyuan,161032
DNK,Aalborg,161161
MEX,Zamora,161191
JPN,Yachiyo,161222
CHN,Hami,161315
IND,Ganganagar,161482
TJK,Khujand,161500
ITA,Livorno,161673
TWN,Pate,161700
CHN,Xinghua,161910
PHL,"Puerto Princesa",161912
GBR,Bournemouth,162000
UKR,Kertš,162000
BRA,Maracanaú,162022
POL,Rzeszów,162049
ZAF,Springs,162072
CHN,Zaoyang,162198
NGA,Akure,162300
JPN,Sayama,162472
RUS,Rubtsovsk,162600
ESP,Burgos,162802
CHN,Xiaoshan,162930
PHL,Meycauayan,163037
AGO,Huambo,163100
ISR,Holon,163100
KOR,Yangsan,163351
KOR,Paju,163379
VNM,"Quy Nhon",163385
IND,"Murwara (Katni)",163431
BRA,"Rio Claro",163551
CHN,Jining,163552
ISR,Beerseba,163700
DEU,"Ludwigshafen am Rhein",163771
PHL,Cotabato,163849
RUS,Ljubertsy,163900
KEN,Nakuru,163927
CHN,Aqsu,164092
ZAF,Germiston,164252
ZWE,"Mount Darwin",164362
IND,Dewas,164364
ZAF,Oberholzer,164367
ESP,"Alcalá de Henares",164463
DEU,Osnabrück,164539
JPN,Tsu,164543
MEX,Comalcalco,164640
CHN,Qingyuan,164641
BRA,"Santa Luzia",164704
BRA,Dourados,164716
ECU,Manta,164739
CHN,Zhuhai,164747
ETH,"Dire Dawa",164851
CHN,Shangqiu,164880
RUS,Armavir,164900
ROM,"Târgu Mures",165153
USA,"Garden Grove",165196
JPN,Ashikaga,165243
TWN,Taiping,165524
DEU,Solingen,165583
IRN,Khomeynishahr,165888
VEN,Guarenas,165889
ITA,Cagliari,165926
USA,Dayton,166179
RUS,Miass,166200
CHN,Xiaogan,166280
BRA,"Passo Fundo",166343
BGR,Ruse,166467
JPN,Hadano,166512
CHE,Basel,166700
NZL,Wellington,166700
CZE,Plzen,166759
JPN,Hino,166770
JPN,Izumi,166979
BLR,Baranovitši,167000
IND,Nadiad,167051
ZAF,Witbank,167183
BRA,"Boa Vista",167185
VEN,"Punto Fijo",167215
CAN,Québec,167264
JPN,Mitaka,167268
ARG,Neuquén,167296
RUS,Maikop,167300
IND,Secunderabad,167461
BRA,Criciúma,167661
JPN,Kamakura,167661
BRA,Marabá,167795
HRV,Rijeka,167964
JPN,Sakura,168072
BRA,"Praia Grande",168434
ESP,Terrassa,168695
BGD,Tungi,168702
ITA,Parma,168717
BRA,"Barra Mansa",168953
ESH,El-Aaiún,169000
NAM,Windhoek,169000
UKR,Melitopol,169000
ESP,Almería,169027
RUS,Abakan,169200
PAK,Chiniot,169300
BRA,Araçatuba,169303
IND,Mirzapur-cum-Vindhyachal,169336
CHN,Chenzhou,169400
CHN,Danyang,169603
ROM,Sibiu,169611
ECU,Ambato,169612
COD,Mbandaka,169841
CHN,Hanzhong,169930
ARG,Hurlingham,170028
JPN,Saga,170034
MEX,Papantla,170123
EGY,Sawhaj,170125
BGD,Barisal,170232
BRA,Jacareí,170356
USA,Oxnard,170358
MEX,Jiutepec,170428
KAZ,Temirtau,170500
NZL,Waitakere,170600
BRA,"Nova Friburgo",170697
IRN,Sabzevar,170738
MEX,"Lázaro Cárdenas",170878
POL,Olsztyn,170904
PHL,Mabalacat,171045
MOZ,Chimoio,171056
THA,"Chiang Mai",171100
ESP,Fuenlabrada,171173
EGY,Qina,171275
ZAF,Brakpan,171363
MEX,Carmen,171367
MEX,Ocosingo,171495
PRK,Kaesong,171500
IDN,Madiun,171532
BRA,"Santa Bárbara d´Oeste",171657
VNM,"Nam Dinh",171699
TWN,Tali,171940
JPN,Tomakomai,171958
BHS,Nassau,172000
EGY,"Bani Suwayf",172032
TZA,Mwanza,172300
HUN,Miskolc,172357
MEX,Tecámac,172410
ITA,Prato,172473
FIN,"Turku [Åbo]",172561
IND,Tiruvottiyur,172562
USA,Worcester,172648
IND,"Hisar (Hissar)",172677
ARM,Vanadzor,172700
NLD,Groningen,172701
IND,Burhanpur,172710
COD,Matadi,172730
ESP,Leganés,173163
CHE,Geneve,173500
CHN,Xinyu,173524
USA,"Chula Vista",173556
SDN,Kusti,173599
NGA,Ondo,173600
USA,Providence,173618
USA,Amarillo,173627
JPN,Obihiro,173685
KOR,Kyongsan,173746
IND,Karnal,173751
CHN,Fuling,173878
USA,Knoxville,173890
DEU,"Mülheim an der Ruhr",173895
BRA,Itaboraí,173977
CHN,Anshun,174142
IND,Tirupati,174369
JPN,Takaoka,174380
BRA,Araraquara,174381
NGA,Calabar,174400
NGA,Shaki,174500
PAK,Mingora,174500
CHN,Qashqar,174570
IND,"Allappuzha (Alleppey)",174666
GBR,Walsall,174739
USA,Arlington,174838
IND,Anantapur,174924
IND,Burnpur,174933
JPN,Kodaira,174984
IND,Jalna,174985
IND,Vellore,175061
JPN,Ube,175206
PHL,Malolos,175291
IND,"Mira Bhayandar",175372
USA,Henderson,175381
YUG,Niš,175391
BRA,Alvorada,175574
DEU,Herne,175661
CHN,Jiangyou,175753
CHN,Huadian,175873
CHN,Puyang,175988
GBR,Southend-on-Sea,176000
ITA,Modena,176022
CHN,Jiaohe,176367
ECU,Portoviejo,176413
USA,Laredo,176576
USA,Chandler,176581
SAU,Hail,176800
MEX,Córdoba,176952
CMR,Garoua,177000
CHN,Ghulja,177193
MEX,"San Felipe del Progreso",177330
BRA,Americana,177409
JPN,Hirosaki,177522
ESP,Cartagena,177709
BRA,Colombo,177764
CHL,Iquique,177892
ZAF,Botshabelo,177971
IND,Kharagpur,177989
COL,Barrancabermeja,178020
PRK,Hyesan,178020
CHL,Chillán,178182
RUS,Volgodonsk,178200
BOL,Sucre,178426
FIN,Vantaa,178471
IRN,Najafabad,178498
TUN,Ettadhamen,178600
PHL,Tacloban,178639
CHN,Qujing,178669
CHN,Maoming,178683
ARG,"San Salvador de Jujuy",178748
VEN,"Los Teques",178784
BRA,Arapiraca,178988
PRK,Kimchaek,179000
DZA,Sétif,179055
BRA,Jequié,179128
RUS,Juzno-Sahalinsk,179200
ESP,"Donostia-San Sebastián",179208
CAN,Burnaby,179209
IND,Shimoga,179258
MEX,"San Juan del Río",179300
PHL,Tagum,179531
CHN,Fuyang,179572
ITA,"Reggio di Calabria",179617
YUG,"Novi Sad",179626
IDN,Tasikmalaya,179800
CHN,Shaoxing,179818
IND,Bilaspur,179833
MEX,"Soledad de Graciano Sánchez",179956
CHN,Zhaodong,179976
GBR,Swindon,180000
CHN,Jiutai,180130
USA,"Newport News",180150
FRA,St-Étienne,180210
CHN,Nanchong,180273
POL,Bielsko-Biala,180307
CAN,Regina,180400
USA,Reno,180480
ESP,"Pamplona [Iruña]",180483
UZB,Fargona,180500
CHN,Hailar,180650
COD,Tshikapa,180860
IND,Ahmadnagar,181339
NGA,Ikirun,181400
THA,"Nakhon Ratchasima",181400
CHN,Zhangzhou,181424
ZAF,Krugersdorp,181503
USA,"Salt Lake City",181743
DEU,Hamm,181804
CHN,Changshu,181805
RUS,Berezniki,181900
MEX,"Ciudad Madero",182012
COD,Kikwit,182142
BRA,Itabuna,182148
BRA,"Rio Grande",182222
CHN,Guangyuan,182241
IND,Dindigul,182477
CHN,Deyang,182488
ZAF,Mdantsane,182639
ESP,"Jerez de la Frontera",182660
GRC,Pireus,182671
MEX,Fresnillo,182744
MYS,Seremban,182869
BRA,"Sete Lagoas",182984
GBR,Luton,183000
PAK,Nawabshah,183100
USA,"Little Rock",183133
DEU,Mainz,183134
IRQ,al-Kut,183183
IND,Avadi,183215
MYS,Taiping,183261
GBR,Sunderland,183310
IND,Ratlam,183375
DZA,Batna,183377
NGA,Owo,183500
KOR,Yosu,183596
MEX,"Puerto Vallarta",183741
DEU,Saarbrücken,183836
MMR,"Bassein (Pathein)",183900
DNK,Odense,183912
IND,Bhilwara,183965
JPN,Suzuka,184061
ESP,Santander,184165
USA,Jackson,184256
RUS,Novotšerkassk,184400
ROM,Arad,184408
IND,Bally,184474
NGA,Ilawe-Ekiti,184500
PAK,"Mirpur Khas",184500
FRA,Lille,184657
ESP,Sabadell,184859
NGA,Ikorodu,184900
BRA,Divinópolis,185047
CHN,Rizhao,185048
CHN,Quanzhou,185154
BRA,"Presidente Prudente",185340
IND,Kukatpalle,185378
USA,"San Bernardino",185401
PHL,"Santa Rosa",185633
BEL,Liège,185639
VEN,"Santa Ana de Coro",185766
USA,Winston-Salem,185776
USA,"Boise City",185787
CHN,Yiyang,185818
USA,Orlando,185951
UKR,Kramatorsk,186000
RUS,Grozny,186000
PRI,Carolina,186076
BRA,Sumaré,186205
USA,Columbus,186291
CHN,Tianmen,186332
PRI,Ponce,186475
AFG,Herat,186800
RUS,Syzran,186900
IND,Bijapur,186939
USA,Durham,187035
BRA,"São Carlos",187122
ROM,Pitesti,187170
FRA,Reims,187206
CHN,Linfen,187309
IDN,Ciomas,187400
CHL,Talca,187557
PHL,Binangonan,187691
NZL,"North Shore",187700
VEN,"Puerto Cabello",187722
AUT,Linz,188022
PAK,"Dera Ghazi Khan",188100
CHN,Daxian,188101
ISR,"Rishon Le Ziyyon",188200
TWN,Pingchen,188344
KOR,Andong,188443
BRA,Marília,188691
IRN,Gorgan,188710
BGD,Mymensingh,188713
JPN,Uji,188735
USA,Modesto,188856
TZA,Dodoma,189000
RUS,Engels,189000
CHL,Arica,189036
CAN,Markham,189098
GBR,"Newcastle upon Tyne",189150
TKM,Chärjew,189200
BRA,"São Leopoldo",189258
CHN,Heze,189293
HRV,Split,189388
SWE,Uppsala,189569
USA,"Huntington Beach",189594
ZAF,Chatsworth,189885
ARG,"Santiago del Estero",189947
CAN,Kitchener,189959
GBR,Portsmouth,190000
LKA,Moratuwa,190000
IND,"Nagar Coil",190084
UZB,Kükon,190100
CHN,Ezhou,190123
IND,Parbhani,190255
RUS,Kamensk-Uralski,190600
TUR,"Sakarya (Adapazari)",190641
CHN,Honghu,190772
JPN,Itami,190886
MMR,"Pegu (Bago)",190900
FRA,"Le Havre",190905
SDN,al-Qadarif,191164
ITA,Brescia,191317
CHN,Yuci,191356
BGD,Rangpur,191398
USA,Irving,191615
SEN,Ziguinchor,192000
ZAF,Uitenhage,192120
GBR,Dudley,192171
CHN,Dongtai,192247
JPN,Nagaoka,192407
CHN,Xinyang,192509
MEX,"Chilpancingo de los Bravo",192509
IRQ,al-Ramadi,192556
KEN,Kisumu,192733
CHN,Fuyu,192981
TWN,Yungkang,193005
MEX,Huixquilucan,193156
ESP,"Elche [Elx]",193174
IND,Sangli,193197
NLD,Tilburg,193238
USA,Tacoma,193556
CAN,Saskatoon,193647
MEX,Monclova,193657
CHN,Fengcheng,193784
BEN,Porto-Novo,194000
UZB,Karsi,194100
UZB,Nukus,194100
RUS,Petropavlovsk-Kamtšatski,194100
PHL,Olongapo,194260
MEX,Metepec,194265
MDA,Tiraspol,194300
RUS,Podolsk,194300
CHN,Beipiao,194301
IND,Farrukhabad-cum-Fatehgarh,194567
CHN,Zhaoqing,194784
PER,Ica,194820
USA,Glendale,194973
CYP,Nicosia,195000
CHN,Nanping,195064
BGR,Burgas,195255
IND,Sagar,195346
ESP,Móstoles,195351
RUS,Jakutsk,195400
BRA,Suzano,195434
FIN,Tampere,195468
PHL,Imus,195482
CHN,Dezhou,195485
KAZ,Oral,195500
USA,Spokane,195629
IRN,Sari,195882
GBR,Northampton,196000
PHL,Lucena,196075
USA,Yonkers,196086
BRA,Magé,196147
DEU,Kassel,196211
TUR,Balikesir,196382
IRQ,al-Diwaniya,196519
JPN,Hitachi,196622
MEX,"La Paz",196708
BRA,"São José dos Pinhais",196884
RUS,Zlatoust,196900
TUN,Ariana,197000
NGA,Offa,197200
ZAF,Kimberley,197254
JPN,Kishiwada,197276
IND,Latur,197408
BRA,"Taboão da Serra",197550
CHN,Acheng,197595
CHN,Qaramay,197602
JPN,Kushiro,197608
USA,Richmond,197790
USA,"Grand Rapids",197800
PHL,Taytay,198183
PAK,Wah,198400
IND,Imphal,198535
CHN,Laizhou,198664
USA,"Des Moines",198682
USA,Mobile,198915
NGA,Ilobu,199000
SEN,Kaolack,199000
USA,Chesapeake,199184
MYS,Kuantan,199484
USA,Lubbock,199564
BRA,"Juazeiro do Norte",199636
JPN,Kofu,199753
USA,"Augusta-Richmond County",199775
IND,Tuticorin,199854
USA,Shreveport,200145
JPN,Odawara,200171
POL,Zabrze,200177
ESP,Oviedo,200453
ARG,Guaymallén,200595
COL,Popayán,200719
CHN,Yixing,200824
BEL,Charleroi,200827
PAK,Okara,200901
BRA,Juazeiro,201073
PHL,Biñan,201186
DEU,Erfurt,201267
ARG,Posadas,201273
IND,"Bihar Sharif",201323
EGY,al-Minya,201360
IRN,Kashan,201372
RUS,Pihkova,201500
USA,Montgomery,201568
COD,Bukavu,201569
JPN,Chofu,201585
JPN,Kasukabe,201838
NLD,Eindhoven,201843
IND,Thanjavur,202013
ECU,"Santo Domingo de los Colorados",202111
BGD,Narayanganj,202134
LTU,Klaipeda,202451
DEU,"Freiburg im Breisgau",202455
IDN,Purwokerto,202500
IRN,Dezful,202639
USA,Scottsdale,202705
LKA,Dehiwala,203000
IDN,"Pematang Siantar",203056
IND,Pondicherry,203065
DEU,Rostock,203279
ZAF,Welkom,203296
RUS,Novorossijsk,203300
USA,Fremont,203413
KAZ,Petropavl,203500
HUN,Debrecen,203648
MEX,Texcoco,203681
TUR,Batman,203793
CHN,Bei´an,204899
NGA,Sokoto,204900
CHN,Baiyin,204970
CUB,Guantánamo,205078
IND,Alwar,205086
IDN,Cimanggis,205100
DEU,Hagen,205201
KOR,Chungju,205206
CHN,Qianjiang,205504
CHN,Haicheng,205560
POL,Bytom,205560
USA,"Fort Wayne",205727
JPN,Takarazuka,205993
RUS,Balakovo,206000
IRN,Abadan,206073
POL,Torun,206158
FRA,Rennes,206229
NGA,Jos,206300
BRA,Ipatinga,206338
NGA,Katsina,206500
JPN,Kure,206504
JPN,Matsumoto,206801
IDN,Cilacap,206900
ARG,"Godoy Cruz",206998
ARG,Paraná,207041
RUS,Zelenograd,207100
TUR,Manisa,207148
VEN,Baruta,207290
CUB,"Santa Clara",207350
PAK,Sahiwal,207388
BRA,Viamão,207557
CAN,Windsor,207588
CHN,Liaocheng,207844
PHL,"San Pablo",207927
MEX,"Othón P. Blanco (Chetumal)",208014
USA,Madison,208054
ITA,Taranto,208214
JPN,Yamato,208234
BRA,Barueri,208426
IRQ,al-Amara,208797
CHN,Xuchang,208815
CHN,Meihekou,209038
VNM,"Cam Pha",209086
ROM,Bacau,209235
JPN,Ageo,209442
ESP,Badalona,209635
GTM,Mixco,209791
TUR,"Izmit (Kocaeli)",210068
ECU,Machala,210368
IND,Brahmapur,210418
CHN,Wuzhou,210452
BRA,Petrolina,210540
TUR,Sultanbeyli,211068
SDN,"Wad Madani",211362
JPN,Numazu,211382
ITA,Padova,211391
CHN,Jiaxing,211526
ARM,Gjumri,211700
POL,Gliwice,212164
EGY,Damanhur,212203
POL,Kielce,212383
JPN,Atsugi,212407
IND,Eluru,212866
CHN,Hebi,212976
CHL,Rancagua,212977
BWA,Gaborone,213017
MEX,"La Paz",213045
ESP,"Santa Cruz de Tenerife",213050
GBR,Aberdeen,213070
FIN,Espoo,213271
DEU,Lübeck,213326
CHN,Jiangyin,213659
RUS,"Staryi Oskol",213800
CHN,Gejiu,214294
IND,Ramagundam,214384
BRA,"Várzea Grande",214435
TWN,Pingtung,214727
IND,Jammu,214737
BRA,Mossoró,214901
IND,Ichalkaranji,214950
CHN,Qitaihe,214957
UKR,"Bila Tserkva",215000
IND,Firozabad,215128
CHN,Yangjiang,215196
IND,Panipat,215218
FRA,Bordeaux,215363
CHN,Shangzi,215373
IND,Ambattur,215424
IND,Raurkela,215489
VNM,"Can Tho",215587
PER,Tacna,215683
USA,Garland,215768
GBR,Southampton,216000
JPN,Chigasaki,216015
ITA,Trieste,216459
MEX,Campeche,216735
MEX,Cárdenas,216903
IND,"Siliguri (Shiliguri)",216950
UKR,Lutsk,217000
PHL,Lapu-Lapu,217019
USA,Akron,217074
ESP,Vitoria-Gasteiz,217154
NGA,Iseyin,217300
VEN,Turmero,217499
CHL,Concepción,217664
IRN,Borujerd,217804
VEN,Barinas,217831
SAU,"Khamis Mushayt",217900
CHN,Baicheng,217987
CHN,Huzhou,218071
IND,Darbhanga,218391
PHL,Lipa,218447
IDN,Jember,218500
USA,Glendale,218812
EGY,Assuan,219017
SAU,al-Mubarraz,219100
VNM,Hue,219149
TUR,Van,219319
MYS,"Kota Bharu",219582
MYS,Pinang,219603
AUS,Wollongong,219761
USA,Rochester,219773
CHN,Ganzhou,220129
KOR,Kangnung,220403
JPN,Fuchu,220576
COL,Sincelejo,220704
PER,Pucallpa,220866
BLR,Bobruisk,221000
ZAF,"East London",221047
VEN,Cabimas,221329
VNM,"Nha Trang",221331
KAZ,Qostanay,221400
ARG,"José C. Paz",221754
RUS,Šahty,221800
PHL,"San Fernando",221857
COL,Floridablanca,221913
RUS,Blagoveštšensk,222000
USA,Plano,222030
MEX,Chalco,222201
BRA,Embu,222223
ROM,Oradea,222239
DEU,Oberhausen,222349
CHN,Chaoyang,222394
DZA,Annaba,222518
KGZ,Osh,222700
JPN,Soka,222768
PHL,Cabanatuan,222859
CHN,Xiantao,222884
ZAF,Newcastle,222993
BRA,Gravataí,223011
RUS,Niznekamsk,223400
PRK,Kanggye,223410
BOL,Oruro,223553
USA,Greensboro,223891
PRI,Bayamón,224044
BEL,Gent,224180
COL,Buenaventura,224336
BRA,Imperatriz,224564
IND,"Barahanagar (Baranagar)",224821
VEN,Mérida,224887
TWN,Tucheng,224897
RUS,Bijsk,225000
FRA,Montpellier,225392
USA,Lincoln,225581
SAU,al-Hufuf,225800
MEX,Tehuacán,225943
ARE,al-Ayn,225970
IND,Chandrapur,226105
USA,Hialeah,226419
COL,Palmira,226509
CHN,Gongziling,226569
MEX,"Santa Catarina",226573
IND,Mathura,226691
MEX,Salamanca,226864
SDN,Nyala,227183
AUS,"Central Coast",227657
TWN,Yungho,227700
TWN,Changhwa,227715
USA,"Baton Rouge",227818
CHN,Suihua,227881
CHN,Tongling,228017
MYS,"Kuala Terengganu",228119
PAK,"Rahim Yar Khan",228479
TUR,Elâzig,228815
COL,Itagüí,228985
KOR,Namyangju,229060
BRA,Taubaté,229130
PRK,Haeju,229172
ARG,Resistencia,229212
RUS,Severodvinsk,229300
NGA,"Benin City",229400
SDN,Obeid,229425
RUS,Syktyvkar,229700
GBR,Swansea,230000
PHL,Navotas,230403
CHN,Jiangmen,230587
CHN,Yanji,230892
NOR,Bergen,230948
PHL,"San Pedro",231403
JOR,Irbid,231511
JPN,Fuji,231527
BRA,"Governador Valadares",231724
EGY,"Kafr al-Dawwar",231978
POL,Radom,232262
BRA,"Ribeirão das Neves",232685
IND,"South Dum Dum",232811
MEX,"General Escobedo",232961
CHL,Temuco,233041
IND,Rohtak,233400
RUS,Naltšik,233400
ROM,Braila,233756
DEU,Kiel,233795
RUS,Niznevartovsk,233900
NLD,Utrecht,234323
USA,Norfolk,234403
KOR,Chunchon,234528
SDN,Kassala,234622
DEU,Magdeburg,235073
CHN,Dunhua,235100
KOR,Kunpo,235233
JPN,Kurume,235611
IND,"Tiruppur (Tirupper)",235661
ARG,"Esteban Echeverría",235760
GBR,Derby,236000
UKR,Ternopil,236000
IND,Kurnool,236800
UKR,Ivano-Frankivsk,237000
UZB,Buhoro,237100
BRA,Guarujá,237206
RUS,Prokopjevsk,237300
KOR,Wonju,237460
AFG,Qandahar,237500
BRA,Cascavel,237510
IND,Shahjahanpur,237713
IND,Patiala,238368
BRA,"Santa Maria",238473
BRA,Caucaia,238738
UKR,Krementšuk,239000
JPN,Shimizu,239123
JPN,Takasaki,239124
RUS,Rybinsk,239600
CHN,Huaiyin,239675
ARG,"Bahía Blanca",239810
BRA,"Novo Hamburgo",239940
LBN,Tripoli,240000
USA,"Jersey City",240055
BRA,"Volta Redonda",240315
HTI,Delmas,240429
IND,Muzaffarnagar,240609
GEO,Kutaisi,240900
AUT,Graz,240967
GNB,Bissau,241000
CHN,Yibin,241019
IND,Nizamabad,241034
IND,Muzaffarpur,241107
PAK,Kasur,241649
DEU,Krefeld,241769
BRA,Santarém,241771
SVK,Košice,241874
CHL,"San Bernardo",241910
GBR,Wolverhampton,242000
IND,Jalgaon,242193
PHL,Cainta,242511
KOR,Yong-in,242643
CHN,Cangzhou,242708
ZAF,Soshanguve,242727
USA,Birmingham,242820
JPN,Hachinohe,242979
CHN,Nanyang,243303
MYS,Kelang,243355
ESP,"A Coruña (La Coruña)",243402
IND,Rampur,243742
USA,Stockton,243771
DEU,Aachen,243825
POL,Sosnowiec,244102
JPN,Sasebo,244240
BRA,Caruaru,244247
BRA,Blumenau,244379
PAK,Mardan,244511
NGA,Ikerre,244600
MEX,"Pachuca de Soto",244688
ESP,Granada,244767
CHN,Tianshui,244974
UKR,Rivne,245000
IND,"Barddhaman (Burdwan)",245079
IND,Bellary,245391
BRA,Limeira,245497
TUR,Kahramanmaras,245772
TUR,Tarsus,246206
DEU,Braunschweig,246322
TUR,Erzurum,246535
JPN,Mito,246559
TUR,Sivas,246642
CHN,Chengde,246799
CHN,Laiwu,246833
PNG,"Port Moresby",247000
USA,Bakersfield,247057
CHN,Shaoyang,247227
KOR,Mokpo,247452
PHL,Batangas,247588
ESP,"L´Hospitalet de Llobregat",247986
SEN,Thiès,248000
USA,"Saint Petersburg",248232
COL,Montería,248245
BRA,Paulista,248473
SAU,Burayda,248600
ARG,"San Miguel",248700
RUS,Joškar-Ola,249200
BRA,Uberaba,249225
KOR,Sunchon,249263
IDN,Ambon,249312
CUB,Holguín,249492
PAK,Gujrat,250121
CHN,Anqing,250718
ROM,Ploiesti,251348
CHL,Antofagasta,251429
CHN,Wafangdian,251733
GBR,Stoke-on-Trent,252000
MEX,"Coacalco de Berriozábal",252270
PHL,Baguio,252386
GBR,Plymouth,253000
KAZ,Aqtöbe,253100
IND,Bhagalpur,253225
POL,Gdynia,253521
BRA,"Vitória da Conquista",253587
IDN,Kediri,253760
TUR,Denizli,253848
GUY,Georgetown,254000
PRK,Sariwon,254146
JPN,Hiratsuka,254207
MYS,"Petaling Jaya",254350
DEU,Halle/Saale,254360
IDN,Cirebon,254406
EGY,Ismailia,254477
JPN,Fukui,254818
CHN,Tieling,254842
DEU,Augsburg,254867
BRA,Ilhéus,254970
CHN,Tongliao,255129
USA,Riverside,255166
ITA,Verona,255268
JPN,Yamagata,255617
CHN,Neijiang,256012
BRA,Macapá,256033
USA,Louisville,256231
KOR,Kimhae,256370
NGA,Oyo,256400
MEX,"Oaxaca de Juárez",256848
JPN,Shimonoseki,257263
JPN,Neyagawa,257315
TUN,Sfax,257800
POL,Czestochowa,257812
CHN,Shizuishan,257862
ARG,Corrientes,258103
KOR,Cheju,258511
UKR,Tšernivtsi,259000
ITA,Messina,259156
BRA,"Foz do Iguaçu",259425
BRA,"Rio Branco",259537
SWE,Malmö,259579
PHL,Mandaue,259728
USA,Anchorage,260283
USA,Lexington-Fayette,260512
EGY,al-Faiyum,260964
JPN,Ibaraki,261020
CHN,Zunyi,261862
ZAF,Klerksdorp,261911
GBR,"Kingston upon Hull",262000
UKR,Hmelnytskyi,262000
IND,Asansol,262188
MAR,Safi,262300
PHL,Tarlac,262481
ZAF,Boksburg,262648
MEX,Victoria,262686
CHN,Luzhou,262892
CHN,Mianyang,262947
IDN,Pondokgede,263200
DEU,Chemnitz,263222
COL,Valledupar,263247
TWN,Hsintien,263603
DEU,Mönchengladbach,263697
PHL,Angeles,263971
NGA,Ila,264000
CHN,Wuhai,264081
FRA,Strasbourg,264115
TUR,Gebze,264170
SYR,Latakia,264563
DEU,Münster,264670
RUS,Angarsk,264700
UKR,Kirovograd,265000
TWN,Chiayi,265109
RUS,Sterlitamak,265200
MEX,Uruapan,265211
CHN,Jining,265248
IRN,Eslamshahr,265450
CHN,Tieli,265683
ISR,Haifa,265700
IRQ,al-Nasiriya,265937
IND,Davangere,266082
JPN,Kakogawa,266281
KOR,Kunsan,266569
IND,Kamarhati,266889
MEX,Coatzacoalcos,267037
PHL,Butuan,267279
EGY,Zagazig,267351
ESP,Gijón,267980
BRA,"Ponta Grossa",268013
DEU,Wiesbaden,268716
IRQ,al-Hilla,268834
MEX,"Nicolás Romero",269393
KAZ,Semey,269600
JPN,Tokushima,269649
ALB,Tirana,270000
UKR,Dniprodzerzynsk,270000
IND,"Dehra Dun",270159
FRA,Nantes,270251
AUS,Newcastle,270324
ECU,Cuenca,270353
PAK,Larkana,270366
BRA,Vitória,270626
IDN,Ciputat,270800
JPN,Ichinomiya,270828
BRA,Itaquaquecetuba,270874
SVN,Ljubljana,270986
MEX,Tapachula,271141
PAK,Sheikhupura,271875
COL,Soacha,272058
ESP,"Alicante [Alacant]",272432
MEX,"Gómez Palacio",272806
IRN,Khorramabad,272815
PRK,Phyongsong,272934
KOR,Kyongju,272968
PRT,Porto,273060
COL,Villavicencio,273140
IND,Mangalore,273304
USA,Newark,273546
IRN,Bandar-e-Abbas,273578
CHN,Shiyan,273786
RUS,Orsk,273900
RUS,Surgut,274900
ZWE,Chitungwiza,274912
IND,"Nanded (Nander)",275083
EGY,Bahtim,275807
IND,Panihati,275990
USA,Raleigh,276093
KOR,Uijongbu,276111
USA,Aurora,276393
JPN,Yao,276421
ARG,Berazategui,276916
RUS,Dzerzinsk,277100
MEX,Guasave,277201
DEU,Karlsruhe,277204
ITA,Venezia,277305
USA,"Corpus Christi",277454
MAR,Tétouan,277516
RUS,Bratsk,277600
CHL,Talcahuano,277752
IRN,Sanandaj,277808
IND,"Dhule (Dhulia)",278317
PHL,Mandaluyong,278474
CHN,Zhongshan,278829
BRA,Petrópolis,279183
JPN,Ichihara,279280
ZAF,Roodepoort,279340
IND,Kakinada,279980
CHN,Tongchuan,280657
PHL,Calamba,281146
CHN,Jingdezhen,281183
CHN,Xintai,281248
CHN,Shashi,281352
CHN,Dongying,281728
NZL,Manukau,281800
BRA,Florianópolis,281928
DEU,Gelsenkirchen,281979
JPN,Otsu,282070
VNM,"Biên Hoa",282095
RUS,Petroskoi,282100
BRA,Anápolis,282197
JPN,Kasugai,282348
MEX,Apodaca,282941
AZE,Sumqayit,283000
ZAF,Wonderboom,283289
ESP,Vigo,283670
POL,Bialystok,283937
RUS,Taganrog,284400
JPN,Maebashi,284473
DNK,Århus,284846
PHL,Iligan,285061
IDN,Bogor,285114
RWA,Kigali,286000
BLR,Brest,286000
BRA,"Montes Claros",286058
IRN,Zanjan,286295
BRA,Maringá,286461
BRA,"São Vicente",286848
RUS,Volzski,286900
GBR,Nottingham,287000
USA,"Saint Paul",287151
JPN,Morioka,287353
GBR,Belfast,287500
JPN,Fukushima,287525
RUS,Kostroma,288100
JPN,Yokkaichi,288173
ARG,"Vicente López",288341
ZMB,Kitwe,288600
COL,Armenia,288977
GBR,Bradford,289376
IDN,Tegal,289744
BRA,Franca,290139
HTI,Carrefour,290204
ARG,"Malvinas Argentinas",290335
PER,Cusco,291000
IRN,Qazvin,291117
CHN,Jiujiang,291187
RUS,Komsomolsk-na-Amure,291600
IND,Gaya,291675
THA,Nonthaburi,292100
PAK,Jhang,292214
JPN,Akashi,292253
MAR,Kénitra,292600
SAU,Tabuk,292600
USA,Buffalo,292648
VEN,Cumaná,293105
MEX,Ixtapaluca,293160
CHL,Valparaíso,293800
GBR,Leicester,294000
UKR,Sumy,294000
BGD,Rajshahi,294056
BRA,Canoas,294125
JPN,Hakodate,294788
MEX,Tampico,294789
COL,Soledad,295058
JPN,Aomori,295969
BRA,Jundíaí,296127
ARG,Tigre,296226
IRQ,Karbala,296705
CAN,Brampton,296711
NGA,Ife,296800
CHN,Yancheng,296831
LSO,Maseru,297000
UKR,Zytomyr,297000
YEM,Hodeida,298500
CUB,Camagüey,298726
NGA,Aba,298900
UKR,Gorlivka,299000
COD,Likasi,299118
AZE,Gäncä,299300
RUS,"Veliki Novgorod",299500
CHN,Shihezi,299676
BGR,Varna,299801
JPN,Naha,299851
BFA,Bobo-Dioulasso,300000
BDI,Bujumbura,300000
COL,Neiva,300052
PRK,Wonsan,300148
KAZ,Pavlodar,300500
IND,Jhansi,300850
DEU,Bonn,301048
VEN,"Ciudad Bolívar",301107
CHN,Changde,301276
IND,"New Delhi",301297
JPN,Koshigaya,301446
IDN,Pekalongan,301504
BLR,Grodno,302000
BRA,Betim,302108
RUS,Vologda,302500
BRA,Serra,302666
CHN,Xingtai,302789
CHN,Yueyang,302800
CHN,Foshan,303160
MOZ,Nampula,303346
USA,Tampa,303447
JPN,Miyazaki,303784
GBR,Coventry,304000
IND,Gulbarga,304099
CAN,Surrey,304477
IND,Bhatpara,304952
MEX,Tepic,305025
CHN,Ma´anshan,305421
PHL,Bacoor,305699
ARG,"San Isidro",306341
IDN,Mataram,306600
NGA,Ede,307100
IND,"New Bombay",307297
DEU,Mannheim,307730
MMR,"Moulmein (Mawlamyine)",307900
SDN,"Port Sudan",308195
IND,Udaipur,308571
CHN,Dongwan,308669
UKR,Tšerkasy,309000
IRQ,al-Najaf,309010
BRA,"Porto Velho",309750
RUS,Tšita,309900
RUS,Vladikavkaz,310100
MEX,"Nuevo Laredo",310277
KAZ,Öskemen,311000
KAZ,Astana,311200
KOR,Kumi,311431
ESP,Córdoba,311708
AUS,"Gold Coast",311932
RUS,Tambov,312000
CHL,"Viña del Mar",312493
CHN,Yangzhou,312892
KOR,Pyongtaek,312927
UKR,"Pultava [Poltava]",313000
UKR,Tšernigiv,313000
CHN,Chaozhou,313469
ROM,Craiova,313530
USA,Toledo,313619
BRA,Bauru,313670
ROM,Brasov,314225
JPN,Akita,314440
RUS,Saransk,314800
CHN,Tengzhou,315083
PAN,"San Miguelito",315382
BRA,Pelotas,315415
ARG,"Florencio Varela",315432
PHL,"San José del Monte",315807
NGA,Enugu,316100
TWN,Taoyuan,316438
IND,Nellore,316606
CHN,Changzhi,317144
CHN,Siping,317223
YEM,Taizz,317600
TWN,Fengshan,318562
UZB,Andijon,318600
TWN,Chungli,318649
BRA,"Vila Velha",318758
BRA,Cariacica,319033
BRA,Piracicaba,319104
VEN,"San Cristóbal",319373
VEN,Maturín,319726
ESP,Valladolid,319998
NGA,Maiduguri,320000
CZE,Ostrava,320041
ARE,Sharja,320095
JPN,Kashiwa,320296
GBR,Cardiff,321000
DEU,Bielefeld,321125
VEN,Barcelona,322267
KOR,Iksan,322685
AUS,Canberra,322723
MEX,"Valle de Chalco Solidaridad",323113
NZL,Christchurch,324200
ROM,Timisoara,324304
RUS,Tšerepovets,324400
CHN,Tonghua,324600
BRA,"Aparecida de Goiânia",324662
JPN,Kochi,324710
CHN,Linyi,324720
IND,Rajahmundry,324851
PER,Piura,325000
JPN,Toyama,325790
JPN,Tokorozawa,325809
PRK,Sinuiju,326011
IND,Belgaum,326399
IRN,Yazd,326776
ESP,"Palma de Mallorca",326993
PER,Huancayo,327000
JPN,Kawagoe,327211
USA,Anaheim,328014
IND,Akola,328034
MYS,"Johor Baharu",328436
ZAF,Vereeniging,328535
JPN,Okazaki,328711
PAK,Sukkur,329176
ZMB,Ndola,329200
CIV,Bouaké,329850
KOR,Chinju,329886
KAZ,Taraz,330100
KOR,Chonan,330259
ROM,Galati,330276
TUR,Malatya,330312
JPN,Koriyama,330335
CAN,Laval,330393
USA,Cincinnati,331285
ITA,Bari,331848
IDN,Manado,332288
COL,Pasto,332396
JPN,Takamatsu,332471
ROM,Cluj-Napoca,332498
RUS,Mahatškala,332800
USA,Arlington,332969
NGA,Mushin,333200
COL,Bello,333470
IND,"Bokaro Steel City",333683
ZAF,Bloemfontein,334341
USA,Pittsburgh,334563
BRA,Diadema,335078
CAN,Ottawa,335277
CAN,Hamilton,335614
PER,Chimbote,336000
MEX,Tonalá,336109
CHE,Zürich,336800
RUS,Vladimir,337100
COL,Manizales,337580
CHN,Baoji,337765
ITA,Catania,337862
MEX,Cuernavaca,337966
USA,"Santa Ana",337977
IDN,Balikpapan,338752
PHL,Malabon,338855
UKR,Simferopol,339000
CRI,"San José",339131
BRA,"Moji das Cruzes",339194
ZAF,Umlazi,339233
RUS,Kaluga,339300
TUR,Samsun,339871
CAN,London,339917
BLR,Vitebsk,340000
IRN,Ardebil,340386
CHN,Leshan,341128
ZAF,Randburg,341288
IND,Jamnagar,341637
RUS,Belgorod,342000
NGA,Kaduna,342200
ROM,Constanta,342264
BGR,Plovdiv,342584
IND,Malegaon,342595
FRA,Nice,342738
RUS,Stavropol,343300
CHN,Nantong,343341
SYR,Hama,343361
EGY,Asyut,343498
USA,Wichita,344284
RUS,Orjol,344500
IDN,Cimahi,344600
JPN,Suita,345750
POL,Katowice,345934
JPN,Toyota,346090
UKR,Sevastopol,348000
ROM,Iasi,348070
ISR,"Tel Aviv-Jaffa",348100
USA,"Saint Louis",348189
CAN,Etobicoke,348845
ARG,Morón,349246
BRA,"Caxias do Sul",349581
CHN,Shaoguan,350043
CHN,Chifeng,350077
NGA,Abuja,350100
CHN,Tai´an,350696
KOR,Kwangmyong,350914
BRA,"São José do Rio Preto",351944
CHN,Xianyang,352125
ARG,"Tres de Febrero",352311
BRA,"Campina Grande",352497
UKR,Herson,353000
ARG,Avellaneda,353046
ARG,"Santa Fé",353063
RUS,Smolensk,353400
ESP,Murcia,353504
PSE,Gaza,353632
CHN,Lianyungang,354139
CHN,Liaoyuan,354141
BRA,Olinda,354732
ESP,"Las Palmas de Gran Canaria",354757
PHL,Pasay,354908
QAT,Doha,355000
MEX,Cajeme,355679
BLR,Mogiljov,356000
POL,Lublin,356251
ARG,Moreno,356993
CHN,Jinxi,357052
BRA,Carapicuíba,357552
ESP,Bilbao,357589
RUS,Sotši,358600
MEX,Ahome,358663
COL,"Santa Marta",359147
NGA,Ado-Ekiti,359400
BIH,Sarajevo,360000
JPN,Toyohashi,360066
KAZ,Shymkent,360100
EGY,Luxor,360503
USA,"Colorado Springs",360890
JPN,Nagano,361391
JPN,Iwaki,361737
JPN,Takatsuki,361747
UZB,Samarkand,361800
RUS,Arkangeli,361800
TWN,Hsinchu,361958
NGA,Iwo,362000
IND,Ujjain,362266
CHN,Yangquan,362268
USA,Miami,362470
CHN,Panjin,362773
JPN,Nara,362812
CHN,Liupanshui,363954
IRQ,al-Sulaymaniya,364096
CHN,Guilin,364130
JPN,Machida,364197
RUS,Kurgan,364700
JPN,Asahikawa,364813
CHN,Qinhuangdao,364972
TWN,Hsinchuang,365048
IDN,Depok,365200
MAR,Oujda,365382
DOM,"Santiago de los Caballeros",365463
ZAF,Benoni,365467
PHL,Iloilo,365820
CHN,Huaibei,366549
IND,Salem,366712
PER,Iquitos,367000
ARG,Salta,367550
CHN,Zhenjiang,368316
DEU,Wuppertal,368993
IND,Ulhasnagar,369077
MEX,Ensenada,369573
EGY,al-Mansura,369621
ZAF,Pietermaritzburg,370190
RUS,Ulan-Ude,370400
UZB,Namangan,370500
EGY,Tanta,371010
CHN,Yichang,371601
USA,Honolulu,371657
NGA,Onitsha,371900
JPN,Fujisawa,372840
IND,Saharanpur,374945
TGO,Lomé,375000
BRA,Mauá,375055
RUS,Murmansk,376300
ITA,Firenze,376662
JPN,Fukuyama,376921
CHN,Yakeshi,377869
NGA,Ilesha,378400
ZAF,Pinetown,378810
IND,Bhiwandi,379070
NGA,Zaria,379200
PHL,Muntinlupa,379310
PHL,Dasmariñas,379520
TWN,Sanchung,380084
MEX,Mazatlán,380265
IRN,Arak,380755
CHN,Zaozhuang,380846
ITA,Bologna,381161
COL,Pereira,381725
NZL,Auckland,381800
CZE,Brno,381862
MEX,Celaya,382140
USA,Minneapolis,382618
VNM,"Da Nang",382674
MYS,Ipoh,382853
DJI,Djibouti,383000
HND,"San Pedro Sula",383900
GRC,Thessaloniki,383967
UKR,Makijivka,384000
IRN,Kerman,384991
GHA,Kumasi,385192
IDN,Jambi,385201
TWN,"Keelung (Chilung)",385201
CHN,Shuangyashan,386081
IND,Bhilai,386159
CHL,"Puente Alto",386236
POL,Bydgoszcz,386855
IND,Tiruchirapalli,387223
JOR,al-Zarqa,389815
USA,Omaha,390007
MEX,Xalapa,390058
FRA,Toulouse,390350
RUS,"Nizni Tagil",390900
UKR,Vinnytsja,391000
PHL,Marikina,391170
JPN,Wakayama,391233
TWN,Chungho,392176
DEU,Bochum,392830
COD,Kananga,393030
USA,Tulsa,393049
CHN,Zigong,393184
COL,Ibagué,393664
EGY,"al-Mahallat al-Kubra",395402
USA,Mesa,396375
JPN,Toyonaka,396689
MOZ,Beira,397368
JPN,Nishinomiya,397618
YEM,Aden,398300
BRA,"Campos dos Goytacazes",398418
ARE,"Abu Dhabi",398695
IDN,Samarinda,399175
USA,Oakland,399484
BRA,Ananindeua,400940
CHN,Zhangjiang,400997
IRN,Hamadan,401281
CHN,Wenzhou,401871
GBR,Bristol,402000
IND,Bhavnagar,402338
IND,Ajmer,402700
JPN,Hirakata,403151
PAK,Bahawalpur,403408
IND,"Kataka (Cuttack)",403418
EST,Tallinn,403981
TUR,Sanliurfa,405905
IRQ,Basra,406296
IND,Kolhapur,406370
USA,Sacramento,407018
JPN,Gifu,408007
BRA,Santos,408748
CHN,Jiaozuo,409100
IDN,Pontianak,409632
CHN,Zhuzhou,409924
NGA,"Port Harcourt",410000
ZAF,Alberton,410102
CHN,Xiangfan,410407
CHN,Pingdingshan,410775
IND,Bhubaneswar,411542
PHL,"General Santos",411822
LTU,Kaunas,412639
SLV,"San Salvador",415346
CHN,Panzhihua,415466
SAU,al-Taif,416100
IND,Bikaner,416289
MEX,Matamoros,416428
USA,Atlanta,416474
POL,Szczecin,416988
COD,Kisangani,417517
PAK,Sialkot,417597
EGY,Suez,417610
IRN,Rasht,417748
COD,Kolwezi,417810
IRQ,Kirkuk,418624
IDN,Yogyakarta,418944
GAB,Libreville,419000
MEX,"Benito Juárez",419276
IRN,Zahedan,419518
MEX,Reynosa,419776
IND,"Calicut (Kozhikode)",419831
NER,Niamey,420000
CHN,Anyang,420332
IND,Amravati,421576
CHN,Yingkou,421589
ARG,"General San Martín",422542
GBR,Leeds,424194
PER,Callao,424294
RUS,Kaliningrad,424400
MOZ,Matola,424662
JPN,Kurashiki,425103
BRA,"Belford Roxo",425194
USA,"Virginia Beach",425257
CHN,Pingxiang,425579
CHN,Wuhu,425740
IND,Durgapur,425836
NGA,Abeokuta,427400
USA,Fresno,427652
RUS,Magnitogorsk,427900
BRA,Joinville,428011
CHN,Weifang,428522
PHL,Bacolod,429076
IND,Moradabad,429214
GBR,Manchester,430000
JPN,Yokosuka,430200
ERI,Asmara,431000
GBR,Sheffield,431607
BRA,Londrina,432257
MEX,Tultitlán,432411
JPN,Nagasaki,432759
CUB,"Santiago de Cuba",433180
JPN,Oita,433401
MEX,"Tuxtla Gutiérrez",433544
PRI,"San Juan",434374
IDN,Denpasar,435000
IRN,Urmia,435200
MWI,Lilongwe,435964
KAZ,Qaraghandy,436900
MAC,Macao,437500
IDN,"Pekan Baru",438638
IND,Raipur,438639
MEX,Irapuato,440039
BRA,"São João de Meriti",440052
JPN,Utsunomiya,440353
NLD,Haag,440900
KOR,Masan,441242
USA,"Kansas City",441545
JPN,Omiya,441649
JPN,Ichikawa,441893
CHN,Xiangtan,441968
ZAF,"Kempton Park",442633
RUS,Kursk,443500
DZA,Constantine,443727
MKD,Skopje,444299
VEN,Maracay,444443
PHL,Makati,444867
FRA,Lyon,445452
BRA,Aracaju,445555
BEL,Antwerpen,446525
IND,Warangal,447657
SVK,Bratislava,448292
USA,Albuquerque,448607
CHN,Bengbu,449245
PHL,Parañaque,449811
GBR,Edinburgh,450180
BRA,"Juiz de Fora",450288
CHN,Yantai,452127
JPN,Kawaguchi,452155
MEX,"Cuautitlán Izcalli",452976
BRA,Cuiabá,453813
IND,Ghaziabad,454156
CHN,Haikou,454300
RUS,Tver,454900
PAK,Sargodha,455360
JPN,Kanazawa,455386
MEX,Veracruz,457119
RUS,Brjansk,457400
CHN,Huangshi,457601
POL,Gdansk,458988
RUS,Ivanovo,459200
RUS,Tšeboksary,459200
BRA,Niterói,459884
MAR,Meknès,460000
IND,Jamshedpur,460577
GBR,Liverpool,461000
JPN,Matsudo,461126
USA,"Long Beach",461522
KEN,Mombasa,461753
PHL,"Cagayan de Oro",461877
ARG,Merlo,463846
JPN,Matsuyama,466133
RUS,Kirov,466200
BRA,Sorocaba,466823
SWE,"Gothenburg [Göteborg]",466990
MEX,"Atizapán de Zaragoza",467262
PHL,Taguig,467375
ZAF,Vanderbijlpark,468931
UKR,Lugansk,469000
EGY,"Port Said",469533
JPN,Urawa,469675
ARG,Lanús,469735
TUR,Eskisehir,470781
ARG,"San Miguel de Tucumán",470809
PHL,Antipolo,470866
IND,Guntur,471051
PAN,"Ciudad de Panamá",471373
PHL,"Las Piñas",472780
BRA,"Ribeirão Preto",473276
CHN,Xinxiang,473762
JPN,Shizuoka,473854
BLR,Gomel,475000
JPN,Himeji,475167
MEX,Tlaquepaque,475472
TUR,Kayseri,475657
NGA,Ilorin,475800
DEU,Dresden,476668
NGA,Oshogbo,476800
MWI,Blantyre,478155
USA,Cleveland,478403
USA,"Las Vegas",478434
TUR,Diyarbakir,479884
BRA,"Feira de Santana",479992
IND,Aligarh,480520
IND,Mysore,480692
JPN,Amagasaki,481434
KOR,Chang-won,481694
IRL,Dublin,481854
CHN,Hunjiang,482043
RUS,Tomsk,482100
SAU,al-Dammam,482300
BOL,Cochabamba,482800
IDN,Banjarmasin,482931
CHN,Baoding,483155
USA,"New Orleans",484674
PHL,Valenzuela,485433
IRQ,Irbil,485968
RUS,Astrahan,486100
DEU,Nürnberg,486628
USA,Tucson,486699
CHN,Hengyang,487148
BRA,Uberlândia,487222
VEN,Petare,488868
DEU,Leipzig,489532
UKR,Mariupol,490000
MEX,Chimalhuacán,490245
MEX,Durango,490524
CHN,Liaoyang,492559
RUS,Kemerovo,492700
CHN,Jiamusi,493409
MEX,"San Nicolás de los Garza",495540
DNK,København,495699
JPN,Niigata,497464
COG,Pointe-Noire,500000
RUS,Tjumen,503400
YEM,Sanaa,503600
IND,Chandigarh,504094
MAR,Salé,504420
PHL,Pasig,505058
IND,Gorakhpur,505566
RUS,Tula,506100
USA,"Oklahoma City",506132
SYR,Hims,507404
UKR,Mykolajiv,508000
NOR,Oslo,508726
KOR,Pohang,508899
IND,"Jalandhar (Jullundur)",509510
CHN,Kaifeng,510000
KOR,Ansan,510314
ARG,"Mar del Plata",512880
JPN,Hachioji,513451
CAN,Vancouver,514008
RUS,"Nabereznyje Tšelny",514700
DEU,Hannover,514718
BRA,"São José dos Campos",515553
COL,Bucaramanga,515555
PER,Chiclayo,517000
IND,Pimpri-Chinchwad,517083
JPN,Higashiosaka,517785
KOR,Koyang,518282
IDN,Surakarta,518600
DEU,Duisburg,519793
MEX,"Centro (Villahermosa)",519873
CHN,Dandong,520000
CHN,Hegang,520000
BRA,Contagem,520801
RUS,Lipetsk,521000
MAR,Tanger,521735
ARG,"La Plata",521936
RUS,Orenburg,523600
TWN,Panchiao,523850
CAF,Bangui,524000
TJK,Dushanbe,524000
IND,"Thiruvananthapuram (Trivandrum",524006
PAK,Islamabad,524500
MEX,Torreón,529093
USA,Portland,529121
RUS,Rjazan,529900
CHN,Changzhou,530000
CHN,Zhangjiakou,530000
ESP,Málaga,530553
TCD,N´Djaména,530965
KOR,Chongju,531376
LAO,Vientiane,531800
RUS,Penza,532200
BOL,"El Alto",534466
IDN,Padang,534474
USA,"Fort Worth",534694
BEN,Cotonou,536827
IND,Kota,537371
ARG,"Almirante Brown",538918
DEU,Bremen,540330
TKM,Ashgabat,540600
USA,Charlotte,540828
MAR,Fès,541162
CHN,Yinchuan,544500
JPN,Funabashi,545299
JPN,Kagoshima,549977
USA,Denver,554636
FIN,"Helsinki [Helsingfors]",555474
PRY,Asunción,557776
BRA,"Jaboatão dos Guararapes",558680
ARG,Quilmes,559249
IND,Rajkot,559407
PAK,Quetta,560307
RUS,Novokuznetsk,561600
KOR,Chonju,563153
PRT,Lisboa,563210
USA,Seattle,563374
USA,"El Paso",563662
IND,"Cochin (Kochi)",564589
TUR,Antalya,564914
ZAF,Durban,566120
PRK,Nampo,566200
JPN,Hamamatsu,568796
DEU,Düsseldorf,568855
USA,Nashville-Davidson,569891
CHN,Jinzhou,570000
CHN,Mudanjiang,570000
KHM,"Phnom Penh",570155
USA,Washington,572059
IND,"Shambajinagar (Aurangabad)",573272
POL,Poznan,576899
MEX,Saltillo,577352
LTU,Vilnius,577969
CHN,Shantou,580000
RUS,Barnaul,580100
DEU,Stuttgart,582443
PRK,Chongjin,582480
BRA,"João Pessoa",584029
IND,"Guwahati (Gauhati)",584342
JPN,Sagamihara,586300
IND,Bareilly,587211
TUR,"Mersin (Içel)",587212
USA,Boston,589141
KGZ,Bishkek,589400
DEU,Dortmund,590213
KOR,Anyang,591106
NPL,Kathmandu,591835
NLD,Rotterdam,593321
RUS,Irkutsk,593700
CAN,Scarborough,594501
USA,Milwaukee,596974
IND,Ranchi,599306
DEU,Essen,599515
PHL,Zamboanga,601794
ESP,Zaragoza,603367
IND,"Solapur (Sholapur)",604215
RUS,Vladivostok,606200
COL,Cúcuta,606932
CAN,Mississauga,608072
SAU,Medina,608300
MEX,Hermosillo,608697
RUS,Habarovsk,609400
DZA,Oran,609823
CHN,Liuzhou,610000
CAN,Edmonton,616306
RUS,Jaroslavl,616700
CAN,Winnipeg,618477
GBR,Glasgow,619680
MEX,Morelia,619958
ZWE,Bulawayo,621742
MAR,Marrakech,621914
ARG,"Lomas de Zamora",622013
CAN,"North York",622632
MAR,Rabat,623457
JPN,Okayama,624269
CHN,"Amoy [Xiamen]",627500
TUR,Konya,628364
BRA,"Santo André",630073
ISR,Jerusalem,633700
ZAF,Inanda,634065
ITA,Genova,636104
POL,Wroclaw,636765
RUS,Krasnodar,639000
MEX,Querétaro,639839
CHN,Fuxin,640000
MEX,Aguascalientes,643360
DEU,"Frankfurt am Main",643821
IDN,Bekasi,644300
LKA,Colombo,645000
IND,Hubli-Dharwad,648298
BRA,"Campo Grande",649593
USA,Memphis,650100
USA,Baltimore,651154
PER,Trujillo,652000
RUS,Izevsk,652800
USA,Austin,656562
JPN,Kumamoto,656734
IND,"Nashik (Nasik)",656925
ZAF,Pretoria,658630
BRA,Osasco,659604
CHN,Daqing,660000
BGD,Khulna,663340
VEN,"Ciudad Guayana",663713
MEX,Toluca,665617
IND,Jodhpur,666279
MRT,Nouakchott,667300
RUS,Uljanovsk,667400
MEX,Guadalupe,668780
ARE,Dubai,669181
MEX,"San Luis Potosí",669353
MEX,Chihuahua,670208
NGA,Kano,674100
MDG,Antananarivo,675669
IDN,"Bandar Lampung",680332
ITA,Palermo,683794
CHN,Jixi,683885
CAN,Toronto,688275
BRA,Natal,688955
TUN,Tunis,690600
IND,Gwalior,690765
BRA,Teresina,691942
IRN,Kermanshah,692986
CHN,Huainan,700000
CHN,Xining,700200
SDN,"Sharq al-Nil",700887
IND,Vijayawada,701827
ESP,Sevilla,701927
UKR,"Kryvyi Rig",703000
MEX,Mérida,703324
IND,Faridabad,703592
HRV,Zagreb,706770
IND,Amritsar,708835
PRK,Hamhung,709730
CHN,Suzhou,710000
USA,Columbus,711470
IDN,Malang,716862
PHL,Cebu,718821
MDA,Chisinau,719900
MEX,"Tlalnepantla de Baz",720755
MEX,"Acapulco de Juárez",721011
RUS,Toljatti,722900
BRA,"São Bernardo do Campo",723132
TWN,Tainan,728060
NGA,Ogbomosho,730000
NLD,Amsterdam,731200
USA,Jacksonville,735167
POL,Kraków,738150
ESP,Valencia,739412
IND,Jabalpur,741927
MEX,Culiacán,744859
BRA,"Duque de Caxias",746758
SWE,Stockholm,750348
IND,Vishakhapatnam,752037
ZAF,"Port Elizabeth",752319
IND,Meerut,753778
KOR,Suwon,755550
ZAF,Johannesburg,756653
BOL,"La Paz",758141
CHN,Luoyang,760000
PER,Arequipa,762000
LVA,Riga,764328
MEX,Mexicali,764902
CAN,Calgary,768082
CHN,Benxi,770000
GRC,Athenai,772072
MNG,"Ulan Bator",773700
USA,"San Francisco",776733
IRN,Qom,777677
KOR,Puchon,779412
VNM,Haiphong,783133
SEN,Dakar,785071
BRA,Maceió,786288
UKR,Lviv,788000
TUR,Gaziantep,789056
USA,Indianapolis,791926
IND,Allahabad,792858
VEN,Valencia,794246
JPN,Sakai,797735
FRA,Marseille,798430
CHN,Datong,800000
CHN,Yichun,800000
POL,Lódz,800110
IND,"Thane (Thana)",803389
LBY,Bengasi,804000
IRN,Ahvaz,804980
COL,Cartagena,805757
COD,Mbuji-Mayi,806475
MLI,Bamako,809552
CHN,Xuzhou,810000
HND,Tegucigalpa,813900
IND,Coimbatore,816321
GTM,"Ciudad de Guatemala",823301
BFA,Ouagadougou,824000
CHN,Wuxi,830000
BRA,"São Luís",837588
CHN,Handan,840000
UKR,Zaporizzja,848000
LBR,Monrovia,850000
SLE,Freetown,850000
COD,Lubumbashi,851381
SEN,Pikine,855287
MEX,"Naucalpan de Juárez",857511
BRA,"Nova Iguaçu",862225
JPN,Chiba,863930
KOR,Songnam,869094
BRA,"São Gonçalo",869254
EGY,"Shubra al-Khayma",870716
RUS,Saratov,874000
RUS,Krasnojarsk,875500
VEN,Barquisimeto,877239
IRQ,Mosul,879000
HTI,Port-au-Prince,884472
MMR,Mandalay,885300
UGA,Kampala,890800
IND,Agra,891790
IND,Srinagar,892506
USA,"San Jose",894943
ITA,Torino,903705
ZAF,Soweto,904165
RUS,Voronez,907700
ARG,Rosario,907718
CHN,Hohhot,916700
IND,Patna,917243
IND,"Varanasi (Benares)",929270
BOL,"Santa Cruz de la Sierra",935361
TWN,Taichung,940589
IRN,Karaj,940968
SDN,Khartum,947483
COG,Brazzaville,950000
BRA,Campinas,950043
IND,"Haora (Howrah)",950435
CHN,Shenzhen,950500
USA,Detroit,951270
NIC,Managua,959000
DEU,Köln,962507
SAU,Mekka,965700
IND,Madurai,977856
AUS,Adelaide,978100
CHN,Baotou,980000
PAK,Peshawar,988005
JPN,Sendai,989975
RUS,Volgograd,993400
SOM,Mogadishu,997000
JOR,Amman,1000000
MEX,Zapopan,1002239
ITA,Napoli,1002619
RUS,Perm,1009700
UKR,Odesa,1011000
RUS,Rostov-na-Donu,1012700
GBR,Birmingham,1013000
IND,Kalyan,1014557
JPN,Kitakyushu,1016264
CAN,Montréal,1016376
MOZ,Maputo,1018938
IND,"Vadodara (Baroda)",1031346
CHN,Jilin,1040000
CHN,Tangshan,1040000
IND,Ludhiana,1042740
UKR,Donetsk,1050000
IRN,Shiraz,1053025
BRA,Goiânia,1056330
IDN,"Ujung Pandang",1060257
IND,Bhopal,1062771
GHA,Accra,1070000
CHN,Qiqihar,1070000
RUS,Tšeljabinsk,1083200
KOR,Ulsan,1084891
GIN,Conakry,1090610
RUS,Ufa,1091200
IND,Indore,1091674
TUR,Bursa,1095842
BRA,Guarulhos,1095874
AUS,Perth,1096829
LBN,Beirut,1100000
RUS,Kazan,1101000
UKR,Dnipropetrovsk,1103000
IDN,Semarang,1104405
MEX,Monterrey,1108499
JPN,Hiroshima,1119117
BGR,Sofija,1122302
PAK,Gujranwala,1124749
KAZ,Almaty,1129400
TUR,Adana,1131198
MEX,León,1133576
CHN,Zibo,1140000
USA,"San Antonio",1144646
PHL,Davao,1147116
RUS,Omsk,1148900
PAK,Hyderabad,1151274
RUS,Samara,1156100
ARG,Córdoba,1157507
CHN,Nanning,1161800
PHL,Kalookan,1177604
CZE,Praha,1181126
PAK,Multan,1182441
BRA,Belém,1186926
USA,Dallas,1188580
IRN,Tabriz,1191043
DEU,"Munich [München]",1194560
IDN,Tangerang,1198300
CHN,Anshan,1200000
CHN,Fushun,1200000
YUG,Beograd,1204000
MEX,Tijuana,1212232
JPN,Kawasaki,1217359
MEX,Juárez,1217818
IDN,Palembang,1222764
COL,Barranquilla,1223260
USA,"San Diego",1223400
MEX,Nezahualcóyotl,1224924
GEO,Tbilisi,1235200
URY,Montevideo,1236000
ARM,Yerevan,1248700
BRA,Manaus,1255049
SYR,Aleppo,1261983
IRN,Esfahan,1266072
RUS,Jekaterinburg,1266300
ARG,"La Matanza",1266461
SDN,Omdurman,1271403
AUS,Brisbane,1291117
MYS,"Kuala Lumpur",1297526
ITA,Milano,1300977
VEN,Maracaíbo,1304776
JPN,Fukuoka,1308379
CHN,"Urumtši [Ürümqi]",1310100
HKG,Victoria,1312637
BRA,"Porto Alegre",1314032
ZMB,Lusaka,1317000
USA,Phoenix,1321045
MEX,Puebla,1346176
SYR,Damascus,1347000
RUS,"Nizni Novgorod",1357000
KOR,Kwangju,1368341
CHN,Hefei,1369100
CHN,Ningbo,1371200
CMR,Yaoundé,1372800
BRA,Recife,1378087
BGD,Chittagong,1392860
RUS,Novosibirsk,1398800
PAK,Rawalpindi,1406214
VNM,Hanoi,1410000
ZWE,Harare,1410000
JPN,Kobe,1425139
KOR,Taejon,1425835
NGA,Ibadan,1432000
CMR,Douala,1448300
IND,Jaipur,1458483
JPN,Kioto,1461974
CHN,Guiyang,1465200
TWN,Kaohsiung,1475505
IND,Surat,1498817
UKR,"Harkova [Harkiv]",1500000
ESP,Barcelona,1503451
USA,Philadelphia,1517550
NGA,Lagos,1518000
CHN,Lanzhou,1565800
IND,Pune,1566651
ECU,Quito,1573458
PHL,Manila,1581082
BRA,Curitiba,1584232
CHN,Fuzhou,1593800
AUT,Wien,1608144
DOM,"Santo Domingo de Guzmán",1609966
POL,Warszawa,1615369
IND,Lucknow,1619115
MEX,"Ecatepec de Morelos",1620303
IND,Nagpur,1624752
MEX,Guadalajara,1647720
BLR,Minsk,1674000
LBY,Tripoli,1682000
CHN,Nanchang,1691600
DEU,Hamburg,1704735
TZA,"Dar es Salaam",1747000
AFG,Kabul,1780000
AZE,Baku,1787800
JPN,Sapporo,1790886
CHN,Changsha,1809800
HUN,Budapest,1811552
CHN,Kunming,1829500
IDN,Medan,1843919
COL,Medellín,1861265
IND,Kanpur,1874409
IRN,Mashhad,1887405
USA,Houston,1953631
CHN,Taiyuan,1968400
BRA,Brasília,1969868
VEN,Caracas,1975294
PAK,Faisalabad,1977246
HKG,"Kowloon and New Kowloon",1987996
ROM,Bucuresti,2016131
AGO,Luanda,2022000
CHN,Shijiazhuang,2041500
SAU,Jedda,2046300
ECU,Guayaquil,2070040
COL,Cali,2077386
BRA,Fortaleza,2097757
CHN,Zhengzhou,2107200
UZB,Toskent,2117500
FRA,Paris,2125246
TUR,Izmir,2130359
BRA,"Belo Horizonte",2139125
JPN,Nagoya,2154376
DZA,Alger,2168000
PHL,Quezon,2173831
CHN,Hangzhou,2190500
EGY,Giza,2221868
CUB,"La Habana",2256000
CHN,Jinan,2278100
KEN,Nairobi,2290000
BRA,Salvador,2302832
ZAF,"Cape Town",2352121
IDN,Bandung,2429000
PRK,Pyongyang,2484000
ETH,"Addis Abeba",2495000
CIV,Abidjan,2500000
KOR,Taegu,2548568
KOR,Inchon,2559424
JPN,Osaka,2595674
CHN,Qingdao,2596000
UKR,Kyiv,2624000
TWN,Taipei,2641312
ITA,Roma,2643581
IND,Bangalore,2660088
IDN,Surabaya,2663820
CHN,Dalian,2697000
CHN,Xi´an,2761400
CHN,Changchun,2812000
AUS,Melbourne,2865329
CHN,"Nanking [Nanjing]",2870300
IND,Ahmedabad,2876710
ESP,Madrid,2879052
USA,Chicago,2896016
MAR,Casablanca,2940623
IND,Hyderabad,2964638
ARG,"Buenos Aires",2982146
TUR,Ankara,3038159
AUS,Sydney,3276207
SAU,Riyadh,3324000
EGY,Alexandria,3328196
JPN,"Jokohama [Yokohama]",3339594
CHN,Chengdu,3361500
MMR,"Rangoon (Yangon)",3361700
DEU,Berlin,3386667
BGD,Dhaka,3612850
USA,"Los Angeles",3694820
KOR,Pusan,3804522
IND,"Chennai (Madras)",3841396
VNM,"Ho Chi Minh City",3980000
SGP,Singapore,4017733
CHN,"Kanton [Guangzhou]",4256300
CHN,Shenyang,4265200
CHN,Harbin,4289800
IRQ,Baghdad,4336000
CHN,Wuhan,4344600
IND,"Calcutta [Kolkata]",4399819
RUS,"St Petersburg",4694000
CHL,"Santiago de Chile",4703954
PAK,Lahore,5063499
COD,Kinshasa,5064000
CHN,Tianjin,5286800
BRA,"Rio de Janeiro",5598953
COL,"Santafé de Bogotá",6260862
THA,Bangkok,6320174
CHN,Chongqing,6351600
PER,Lima,6464693
IRN,Teheran,6758845
EGY,Cairo,6789479
IND,Delhi,7206704
GBR,London,7285000
CHN,Peking,7472000
JPN,Tokyo,7980230
USA,"New York",8008278
RUS,Moscow,8389200
MEX,"Ciudad de México",8591309
TUR,Istanbul,8787958
PAK,Karachi,9269265
IDN,Jakarta,9604900
CHN,Shanghai,9696300
BRA,"São Paulo",9968485
KOR,Seoul,9981619
IND,"Mumbai (Bombay)",10500000
