countrycode,name,population
ESP,"A Coruña (La Coruña)",243402
DEU,Aachen,243825
DNK,Aalborg,161161
NGA,Aba,298900
IRN,Abadan,206073
BRA,Abaetetuba,111258
RUS,Abakan,169200
CAN,Abbotsford,105403
NGA,Abeokuta,427400
GBR,Aberdeen,213070
SAU,Abha,112300
CIV,Abidjan,2500000
JPN,Abiko,126670
USA,Abilene,115930
IND,Abohar,107163
PAK,Abottabad,106000
ARE,"Abu Dhabi",398695
NGA,Abuja,350100
MEX,Acámbaro,110487
MEX,"Acapulco de Juárez",721011
VEN,Acarigua,158954
GHA,Accra,1070000
IND,Achalpur,96216
CHN,Acheng,197595
MEX,Acuña,110388
PCN,Adamstown,42
TUR,Adana,1131198
ETH,"Addis Abeba",2495000
AUS,Adelaide,978100
YEM,Aden,398300
TUR,Adiyaman,141529
NGA,Ado-Ekiti,359400
IND,Adoni,136182
TUR,Afyon,103984
MAR,Agadir,155244
GUM,Agaña,1139
IND,Agartala,157358
NGA,Agege,105000
JPN,Ageo,209442
IND,Agra,891790
BRA,"Águas Lindas de Goiás",89200
MEX,Aguascalientes,643360
IND,Ahmadnagar,181339
PAK,"Ahmadpur East",96000
IND,Ahmedabad,2876710
MEX,Ahome,358663
IRN,Ahvaz,804980
FRA,Aix-en-Provence,134222
IND,Aizawl,155240
JPN,Aizuwakamatsu,119287
ARE,Ajman,114395
IND,Ajmer,402700
JPN,Akashi,292253
JPN,Akishima,106914
JPN,Akita,314440
IND,Akola,328034
USA,Akron,217074
TUR,Aksaray,102681
NGA,Akure,162300
IRQ,al-Amara,208797
EGY,al-Arish,100447
ARE,al-Ayn,225970
SAU,al-Dammam,482300
IRQ,al-Diwaniya,196519
EGY,al-Faiyum,260964
SDN,al-Fashir,141884
EGY,al-Hawamidiya,91700
SAU,al-Hawiya,93900
IRQ,al-Hilla,268834
SAU,al-Hufuf,225800
SAU,al-Kharj,152100
SAU,al-Khubar,141700
IRQ,al-Kut,183183
EGY,"al-Mahallat al-Kubra",395402
BHR,al-Manama,148000
EGY,al-Mansura,369621
EGY,al-Minya,201360
SAU,al-Mubarraz,219100
YEM,al-Mukalla,122400
IRQ,al-Najaf,309010
IRQ,al-Nasiriya,265937
SDN,al-Qadarif,191164
SYR,al-Qamishliya,144286
SAU,al-Qatif,98900
IRQ,al-Ramadi,192556
SYR,al-Raqqa,108020
JOR,al-Rusayfa,137247
KWT,al-Salimiya,130215
OMN,al-Sib,155000
IRQ,al-Sulaymaniya,364096
SAU,al-Taif,416100
SAU,al-Tuqba,125700
JOR,al-Zarqa,389815
LBY,al-Zawiya,89338
BRA,Alagoinhas,126820
IND,Alandur,125244
TUR,Alanya,117300
ESP,Albacete,147527
USA,Albany,93994
ZAF,Alberton,410102
USA,Albuquerque,448607
ESP,"Alcalá de Henares",164463
ESP,Alcorcón,142048
SYR,Aleppo,1261983
ITA,Alessandria,90289
USA,Alexandria,128283
EGY,Alexandria,3328196
ESP,Algeciras,103106
DZA,Alger,2168000
ESP,"Alicante [Alacant]",272432
IND,Aligarh,480520
NLD,Alkmaar,92713
IND,Allahabad,792858
IND,"Allappuzha (Alleppey)",174666
MEX,Allende,134645
USA,Allentown,106632
KAZ,Almaty,1129400
NLD,Almere,142465
ESP,Almería,169027
RUS,Almetjevsk,140700
ARG,"Almirante Brown",538918
MEX,"Almoloya de Juárez",110550
NIU,Alofi,682
MYS,"Alor Setar",124412
MEX,Altamira,127490
UKR,Altševsk,119000
BRA,Alvorada,175574
IND,Alwar,205086
PRT,Amadora,122106
JPN,Amagasaki,481434
USA,Amarillo,173627
IND,Ambala,122596
IND,"Ambala Sadar",90712
ECU,Ambato,169612
IND,Ambattur,215424
IDN,Ambon,249312
BRA,Americana,177409
NLD,Amersfoort,126270
FRA,Amiens,135501
JOR,Amman,1000000
IRN,Amol,159092
CHN,"Amoy [Xiamen]",627500
IND,Amravati,421576
IND,Amritsar,708835
IND,Amroha,137061
NLD,Amsterdam,731200
USA,Anaheim,328014
IND,Anand,110266
BRA,Ananindeua,400940
IND,Anantapur,174924
BRA,Anápolis,282197
USA,Anchorage,260283
ITA,Ancona,98329
CHN,Anda,136446
UZB,Andijon,318600
IRN,Andimeshk,106923
KOR,Andong,188443
AND,"Andorra la Vella",21189
ITA,Andria,94443
RUS,Angarsk,264700
PHL,Angeles,263971
FRA,Angers,151279
BRA,"Angra dos Reis",96864
UZB,Angren,128000
JPN,Anjo,153823
CHN,Ankang,142170
TUR,Ankara,3038159
USA,"Ann Arbor",114024
DZA,Annaba,222518
CHN,Anqing,250718
KOR,Ansan,510314
CHN,Anshan,1200000
CHN,Anshun,174142
TUR,Antalya,564914
MDG,Antananarivo,675669
PHL,Antipolo,470866
CHL,Antofagasta,251429
MDG,Antsirabé,120239
BEL,Antwerpen,446525
CHN,Anyang,420332
KOR,Anyang,591106
RUS,Anzero-Sudzensk,96100
JPN,Aomori,295969
BRA,"Aparecida de Goiânia",324662
MEX,Apatzingán,117849
NLD,Apeldoorn,153491
WSM,Apia,35900
MEX,Apodaca,282941
SLV,Apopa,88800
BRA,Apucarana,105114
CHN,Aqsu,164092
KAZ,Aqtau,143400
KAZ,Aqtöbe,253100
BRA,Aracaju,445555
BRA,Araçatuba,169303
ROM,Arad,184408
BRA,Araguaína,114948
BRA,Araguari,98399
IRN,Arak,380755
BRA,Arapiraca,178988
BRA,Araraquara,174381
BRA,Araras,101046
VEN,Araure,94269
PHL,Arayat,101792
SAU,Ara´ar,108100
IRN,Ardebil,340386
USA,Arden-Arcade,92040
PRI,Arecibo,100131
PER,Arequipa,762000
ITA,Arezzo,91729
FRA,Argenteuil,93961
TUN,Ariana,197000
CHL,Arica,189036
RUS,Arkangeli,361800
USA,Arlington,332969
USA,Arlington,174838
RUS,Armavir,164900
COL,Armenia,288977
NLD,Arnhem,138020
IND,"Arrah (Ara)",157082
TZA,Arusha,102500
USA,Arvada,102153
RUS,Arzamas,110700
JPN,Asahikawa,364813
JPN,Asaka,114815
KOR,Asan,154663
IND,Asansol,262188
ISR,Ashdod,155800
TKM,Ashgabat,540600
JPN,Ashikaga,165243
IND,Ashoknagar-Kalyangarh,96315
ISR,Ashqelon,92300
ERI,Asmara,431000
EGY,Assuan,219017
KAZ,Astana,311200
RUS,Astrahan,486100
PRY,Asunción,557776
EGY,Asyut,343498
GRC,Athenai,772072
USA,"Athens-Clarke County",101489
BRA,Atibaia,100356
MEX,"Atizapán de Zaragoza",467262
USA,Atlanta,416474
MEX,Atlixco,117019
JPN,Atsugi,212407
KAZ,Atyrau,142500
RUS,Atšinsk,121600
NZL,Auckland,381800
DEU,Augsburg,254867
USA,"Augusta-Richmond County",199775
USA,Aurora,142990
USA,Aurora,276393
USA,Austin,656562
IND,Avadi,183215
COK,Avarua,11900
ARG,Avellaneda,353046
NGA,Awka,111200
PER,Ayacucho,118960
TUR,Aydin,128651
IRN,Babol,158346
BRA,Bacabal,93121
ROM,Bacau,209235
PHL,Bacolod,429076
PHL,Bacoor,305699
ESP,Badajoz,136613
ESP,Badalona,209635
CMR,Bafoussam,131000
BRA,Bagé,120793
IRQ,Baghdad,4336000
PHL,Bago,141721
PHL,Baguio,252386
PAK,Bahawalnagar,109600
PAK,Bahawalpur,403408
ARG,"Bahía Blanca",239810
ETH,"Bahir Dar",96140
IND,Bahraich,135400
EGY,Bahtim,275807
ROM,"Baia Mare",149665
CHN,Baicheng,217987
IND,Baidyabati,90601
KIR,Bairiki,2226
CHN,Baiyin,204970
USA,Bakersfield,247057
AZE,Baku,1787800
RUS,Balakovo,206000
RUS,Balašiha,132900
RUS,Balašov,97100
TUR,Balikesir,196382
IDN,Balikpapan,338752
PHL,Baliuag,119675
IND,Bally,184474
MDA,Balti,153400
USA,Baltimore,651154
IND,Balurghat,119796
MLI,Bamako,809552
CMR,Bamenda,138000
IND,Banda,97227
IDN,"Banda Aceh",143409
IDN,"Bandar Lampung",680332
BRN,"Bandar Seri Begawan",21484
IRN,"Bandar-e Anzali",98500
IRN,Bandar-e-Abbas,273578
TUR,Bandirma,90200
IDN,Bandung,2429000
IND,Bangalore,2660088
THA,Bangkok,6320174
CAF,Bangui,524000
EGY,Banha,145792
EGY,"Bani Suwayf",172032
BIH,"Banja Luka",143079
IDN,Banjarmasin,482931
GMB,Banjul,42326
IND,Bankura,114876
IND,Bansberia,93447
CCK,Bantam,503
IDN,Banyuwangi,89900
CHN,Baoding,483155
CHN,Baoji,337765
CHN,Baotou,980000
IRQ,Baquba,114516
IND,"Barahanagar (Baranagar)",224821
ESP,Barakaldo,98212
BLR,Baranovitši,167000
IND,Barasat,107365
BRA,Barbacena,113079
VEN,Barcelona,322267
ESP,Barcelona,1503451
IND,"Barddhaman (Burdwan)",245079
IND,Bareilly,587211
ITA,Bari,331848
VEN,Barinas,217831
BGD,Barisal,170232
ITA,Barletta,91904
RUS,Barnaul,580100
VEN,Barquisimeto,877239
BRA,"Barra do Piraí",89388
BRA,"Barra Mansa",168953
IND,Barrackpur,133265
COL,Barrancabermeja,178020
COL,Barranquilla,1223260
BRA,Barreiras,127801
BRA,Barretos,104156
CAN,Barrie,89269
BRA,Barueri,208426
VEN,Baruta,207290
CHE,Basel,166700
GBR,Basildon,100924
IND,Basirhat,101409
IRQ,Basra,406296
GLP,Basse-Terre,12433
MMR,"Bassein (Pathein)",183900
KNA,Basseterre,11600
ISR,"Bat Yam",137000
RUS,Bataisk,97300
IDN,Batam,91871
PHL,Batangas,247588
TUR,Batman,203793
DZA,Batna,183377
USA,"Baton Rouge",227818
KHM,Battambang,129800
GEO,Batumi,137700
BRA,Bauru,313670
OMN,Bawshar,107500
PHL,Bayambang,96609
CUB,Bayamo,141000
PRI,Bayamón,224044
PHL,"Bayawan (Tulong)",101391
PHL,Baybay,95630
PHL,Bayugan,93623
MUS,"Beau Bassin-Rose Hill",100616
USA,Beaumont,113866
IND,Beawar,105363
DZA,Béchar,107311
ISR,Beerseba,163700
CHN,Beihai,112673
CHN,Beipiao,194301
MOZ,Beira,397368
LBN,Beirut,1100000
CHN,Bei´an,204899
DZA,Béjaïa,117162
IDN,Bekasi,644300
BRA,Belém,1186926
GBR,Belfast,287500
BRA,"Belford Roxo",425194
IND,Belgaum,326399
RUS,Belgorod,342000
BLZ,"Belize City",55810
IND,Bellary,245391
USA,Bellevue,109569
COL,Bello,333470
BLZ,Belmopan,7105
BRA,"Belo Horizonte",2139125
MDA,"Bender (Tîghina)",125700
ISR,"Bene Beraq",133900
LBY,Bengasi,804000
CHN,Bengbu,449245
IDN,Bengkulu,146439
AGO,Benguela,128300
MAR,Beni-Mellal,140212
NGA,"Benin City",229400
MEX,"Benito Juárez",419276
ZAF,Benoni,365467
BRA,"Bento Gonçalves",89254
CHN,Benxi,770000
YUG,Beograd,1204000
JPN,Beppu,127486
ARG,Berazategui,276916
UKR,Berdjansk,130000
UKR,Berdytšiv,90000
RUS,Berezniki,181900
ITA,Bergamo,117837
NOR,Bergen,230948
DEU,"Bergisch Gladbach",106150
IND,"Berhampore (Baharampur)",115144
USA,Berkeley,102743
DEU,Berlin,3386667
CHE,Bern,122700
FRA,Besançon,117733
BRA,Betim,302108
IND,Bettiah,92583
IND,Bhagalpur,253225
IND,Bharatpur,148519
IND,"Bharuch (Broach)",133102
IND,"Bhatinda (Bathinda)",159042
IND,Bhatpara,304952
IND,Bhavnagar,402338
IND,Bhilai,386159
IND,Bhilwara,183965
IND,Bhimavaram,121314
IND,Bhind,109755
IND,"Bhir (Bid)",112434
IND,Bhiwandi,379070
IND,Bhiwani,121629
IND,Bhopal,1062771
IND,Bhubaneswar,411542
IND,Bhuj,102176
IND,Bhusawal,145143
POL,Bialystok,283937
NGA,Bida,125500
IND,Bidar,108016
DEU,Bielefeld,321125
POL,Bielsko-Biala,180307
VNM,"Biên Hoa",282095
IND,"Bihar Sharif",201323
IND,Bijapur,186939
RUS,Bijsk,225000
IND,Bikaner,416289
KIR,Bikenibeu,5055
UKR,"Bila Tserkva",215000
IND,Bilaspur,179833
ESP,Bilbao,357589
EGY,Bilbays,113608
USA,Billings,92988
PHL,Biñan,201186
PHL,Binangonan,187691
IDN,Binjai,127222
CHN,Binzhou,133555
NPL,Biratnagar,157764
NPL,Birgunj,90639
BRA,Birigui,94685
IRN,Birjand,127608
GBR,Birkenhead,93087
MLT,Birkirkara,21445
GBR,Birmingham,1013000
USA,Birmingham,242820
TUN,Biserta,108900
KGZ,Bishkek,589400
DZA,Biskra,128281
PHL,Bislig,97860
TUR,Bismil,101400
GNB,Bissau,241000
GBR,Blackburn,140000
GBR,Blackpool,151000
RUS,Blagoveštšensk,222000
MWI,Blantyre,478155
DZA,"Blida (el-Boulaida)",127284
IDN,Blitar,122600
ZAF,Bloemfontein,334341
BRA,Blumenau,244379
BRA,"Boa Vista",167185
BFA,Bobo-Dioulasso,300000
BLR,Bobruisk,221000
MEX,"Boca del Río",135721
DEU,Bochum,392830
IDN,Bogor,285114
BGD,Bogra,120170
USA,"Boise City",185787
IRN,Bojnurd,134835
IND,"Bokaro Steel City",333683
ZAF,Boksburg,262648
ITA,Bologna,381161
GBR,Bolton,139020
ITA,Bolzano,97232
COD,Boma,135284
DEU,Bonn,301048
FRA,Bordeaux,215363
BLR,Borisov,151000
IRN,Borujerd,217804
SWE,Borås,96883
CHN,Bose,93009
USA,Boston,589141
ROM,Botosani,128730
ZAF,Botshabelo,177971
DEU,Bottrop,121097
BRA,Botucatu,107663
CIV,Bouaké,329850
USA,Boulder,91238
FRA,Boulogne-Billancourt,106367
GBR,Bournemouth,162000
CHN,Bozhou,106346
GBR,Bradford,289376
PRT,Braga,90535
BRA,"Bragança Paulista",116929
BGD,Brahmanbaria,109032
IND,Brahmapur,210418
ROM,Braila,233756
ZAF,Brakpan,171363
CAN,Brampton,296711
BRA,Brasília,1969868
ROM,Brasov,314225
SVK,Bratislava,448292
RUS,Bratsk,277600
DEU,Braunschweig,246322
COG,Brazzaville,950000
NLD,Breda,160398
DEU,Bremen,540330
DEU,Bremerhaven,122735
ITA,Brescia,191317
FRA,Brest,149634
BLR,Brest,286000
USA,Bridgeport,139529
BRB,Bridgetown,6070
GBR,Brighton,156124
ITA,Brindisi,93454
AUS,Brisbane,1291117
GBR,Bristol,402000
RUS,Brjansk,457400
CZE,Brno,381862
USA,Brockton,93653
UKR,Brovary,89000
USA,Brownsville,139722
BEL,Brugge,116246
BEL,"Bruxelles [Brussel]",133859
COL,Bucaramanga,515555
ROM,Bucuresti,2016131
HUN,Budapest,1811552
IND,Budaun,116695
COL,Buenaventura,224336
ARG,"Buenos Aires",2982146
USA,Buffalo,292648
COL,Buga,110699
RUS,Bugulma,94100
UZB,Buhoro,237100
BDI,Bujumbura,300000
IRN,Bukan,120020
COD,Bukavu,201569
IND,Bulandshahr,127201
EGY,"Bulaq al-Dakrur",148787
ZWE,Bulawayo,621742
VNM,"Buon Ma Thuot",97044
SAU,Burayda,248600
USA,Burbank,100316
BGR,Burgas,195255
ESP,Burgos,162802
IND,Burhanpur,172710
CAN,Burlington,145150
CAN,Burnaby,179209
IND,Burnpur,174933
TUR,Bursa,1095842
IRN,Bushehr,143641
COD,Butembo,109406
PHL,Butuan,267279
ROM,Buzau,148372
POL,Bydgoszcz,386855
POL,Bytom,205560
NOR,Bærum,101340
PHL,Cabanatuan,222859
VEN,Cabimas,221329
BRA,"Cabo de Santo Agostinho",149964
BRA,"Cabo Frio",119503
PHL,Cabuyao,106630
BRA,Cachoeirinha,103240
BRA,"Cachoeiro de Itapemirim",155024
ESP,Cádiz,142449
PHL,Cadiz,141954
FRA,Caen,113987
PHL,"Cagayan de Oro",461877
ITA,Cagliari,165926
PRI,Caguas,140502
PHL,Cainta,242511
AUS,Cairns,92273
EGY,Cairo,6789479
PER,Cajamarca,108009
MEX,Cajeme,355679
NGA,Calabar,174400
VEN,Calabozo,107146
CHL,Calama,137265
PHL,Calamba,281146
PHL,Calapan,105910
PHL,Calbayog,147187
IND,"Calcutta [Kolkata]",4399819
CAN,Calgary,768082
COL,Cali,2077386
IND,"Calicut (Kozhikode)",419831
PER,Callao,424294
VNM,"Cam Pha",209086
VNM,"Cam Ranh",114041
BRA,Camaçari,149146
CUB,Camagüey,298726
BRA,Camaragibe,118968
USA,Cambridge,101355
GBR,Cambridge,121000
CAN,Cambridge,109186
BRA,Cametá,92779
MEX,Campeche,216735
BRA,"Campina Grande",352497
BRA,Campinas,950043
BRA,"Campo Grande",649593
BRA,"Campo Largo",91203
BRA,"Campos dos Goytacazes",398418
VNM,"Can Tho",215587
AUS,Canberra,322723
PHL,Candelaria,92429
CHN,Cangzhou,242708
BRA,Canoas,294125
PHL,Capas,95219
CAN,"Cape Breton",114733
USA,"Cape Coral",102286
ZAF,"Cape Town",2352121
VEN,Caracas,1975294
BRA,Carapicuíba,357552
MEX,Cárdenas,216903
GBR,Cardiff,321000
BRA,Cariacica,319033
MEX,Carmen,171367
PRI,Carolina,186076
HTI,Carrefour,290204
USA,Carrollton,109576
USA,Carson,89089
COL,Cartagena,805757
ESP,Cartagena,177709
COL,Cartago,125884
BRA,Caruaru,244247
VEN,Carúpano,119639
USA,Cary,91213
MAR,Casablanca,2940623
BRA,Cascavel,237510
BRA,Castanhal,127634
ESP,"Castellón de la Plana [Castell",139712
PER,Castilla,90642
LCA,Castries,2301
BRA,Catanduva,107761
ITA,Catania,337862
ITA,Catanzaro,96700
VEN,"Catia La Mar",117012
PHL,Cauayan,103952
BRA,Caucaia,238738
PHL,Cavite,99367
BRA,Caxias,133980
BRA,"Caxias do Sul",349581
GUF,Cayenne,50699
PHL,Cebu,718821
USA,"Cedar Rapids",120758
MEX,Celaya,382140
AUS,"Central Coast",227657
MEX,"Centro (Villahermosa)",519873
ITA,Cesena,89852
CZE,"Ceské Budejovice",98186
TUR,Ceyhan,102412
TTO,Chaguanas,56601
MEX,Chalco,222201
IND,Champdani,98818
IND,Chandannagar,120378
IND,Chandigarh,504094
USA,Chandler,176581
IND,Chandrapur,226105
KOR,Chang-won,481694
CHN,Changchun,2812000
CHN,Changde,301276
TWN,Changhwa,227715
CHN,Changji,132260
CHN,Changsha,1809800
CHN,Changshu,181805
CHN,Changzhi,317144
CHN,Changzhou,530000
CHN,Chaohu,123676
CHN,Chaoyang,222394
CHN,Chaozhou,313469
BRA,Chapecó,144158
IND,Chapra,136877
BEL,Charleroi,200827
USA,Charleston,89063
USA,Charlotte,540828
VIR,"Charlotte Amalie",13000
ZAF,Chatsworth,189885
USA,Chattanooga,155554
KOR,Chechon,137070
KOR,Cheju,258511
GBR,Chelmsford,97451
GBR,Cheltenham,106000
DEU,Chemnitz,263222
CHN,Chengde,246799
CHN,Chengdu,3361500
IND,"Chennai (Madras)",3841396
CHN,Chenzhou,169400
USA,Chesapeake,199184
IND,Chhindwara,93731
THA,"Chiang Mai",171100
TWN,Chiayi,265109
JPN,Chiba,863930
USA,Chicago,2896016
PER,Chiclayo,517000
CHN,Chifeng,350077
JPN,Chigasaki,216015
MEX,Chihuahua,670208
MEX,"Chilapa de Alvarez",102716
CHL,Chillán,178182
MEX,"Chilpancingo de los Bravo",192509
MEX,Chimalhuacán,490245
PER,Chimbote,336000
MOZ,Chimoio,171056
NIC,Chinandega,97387
PER,"Chincha Alta",110016
ZMB,Chingola,142400
KOR,Chinhae,125997
PAK,Chiniot,169300
KOR,Chinju,329886
PAK,"Chishtian Mandi",101700
MDA,Chisinau,719900
BGD,Chittagong,1392860
IND,Chittoor,133462
ZWE,Chitungwiza,274912
JPN,Chofu,201585
KOR,Chonan,330259
KOR,Chong-up,139111
PRK,Chongjin,582480
KOR,Chongju,531376
CHN,Chongqing,6351600
KOR,Chonju,563153
POL,Chorzów,121708
NZL,Christchurch,324200
USA,"Chula Vista",173556
KOR,Chunchon,234528
TWN,Chungho,392176
KOR,Chungju,205206
TWN,Chungli,318649
CHN,Chuzhou,125341
TKM,Chärjew,189200
IDN,Cianjur,114300
IDN,Cibinong,101300
CUB,"Ciego de Ávila",98505
CUB,Cienfuegos,132770
IDN,Cilacap,206900
IDN,Cilegon,117000
IDN,Cimahi,344600
IDN,Cimanggis,205100
USA,Cincinnati,331285
IDN,Ciomas,187400
IDN,Ciparay,111500
IDN,Ciputat,270800
UZB,Circik,146400
IDN,Cirebon,254406
IDN,Citeureup,105100
USA,"Citrus Heights",103455
VAT,"Città del Vaticano",455
VEN,"Ciudad Bolívar",301107
GTM,"Ciudad de Guatemala",823301
MEX,"Ciudad de México",8591309
PAN,"Ciudad de Panamá",471373
PRY,"Ciudad del Este",133881
VEN,"Ciudad Guayana",663713
VEN,"Ciudad Losada",134501
MEX,"Ciudad Madero",182012
VEN,"Ciudad Ojeda",99354
MEX,"Ciudad Valles",146411
CHN,Cixi,107329
UZB,Cizah,124800
USA,Clarksville,108787
USA,Clearwater,99936
FRA,Clermont-Ferrand,137140
USA,Cleveland,478403
ROM,Cluj-Napoca,332498
MEX,"Coacalco de Berriozábal",252270
MEX,Coatzacoalcos,267037
BOL,Cochabamba,482800
IND,"Cochin (Kochi)",564589
TCA,"Cockburn Town",4800
BRA,Codó,103153
IND,Coimbatore,816321
PRT,Coímbra,96100
BRA,Colatina,107354
GBR,Colchester,96063
MEX,Colima,129454
BRA,Colombo,177764
LKA,Colombo,645000
USA,"Colorado Springs",360890
USA,Columbia,116278
USA,Columbus,186291
USA,Columbus,711470
MEX,Comalcalco,164640
BGD,Comilla,135313
MEX,"Comitán de Domínguez",104986
ARG,"Comodoro Rivadavia",124104
USA,Compton,92864
GIN,Conakry,1090610
CHL,Concepción,217664
PHL,Concepcion,115171
USA,Concord,121780
ARG,Concordia,116485
BRA,"Conselheiro Lafaiete",97507
ROM,Constanta,342264
DZA,Constantine,443727
BRA,Contagem,520801
CHL,Copiapó,120128
CHL,Coquimbo,143353
CAN,Coquitlam,101820
USA,"Coral Springs",117549
ESP,Córdoba,311708
ARG,Córdoba,1157507
MEX,Córdoba,176952
IRL,Cork,127187
TUR,Çorlu,123300
USA,Corona,124966
CHL,Coronel,93061
BRA,"Coronel Fabriciano",95933
USA,"Corpus Christi",277454
ARG,Corrientes,258103
TUR,Çorum,145495
BRA,Corumbá,90111
MEX,Cosoleacaque,97199
USA,"Costa Mesa",108724
PHL,Cotabato,163849
BRA,Cotia,140042
BEN,Cotonou,536827
DEU,Cottbus,110894
GBR,Coventry,304000
ROM,Craiova,313530
BRA,Crato,98965
GBR,Crawley,97000
BRA,Criciúma,167661
MEX,Cuauhtémoc,124279
MEX,"Cuautitlán Izcalli",452976
MEX,Cuautla,153132
BRA,Cubatão,102372
COL,Cúcuta,606932
IND,Cuddalore,153086
IND,Cuddapah,121463
ECU,Cuenca,270353
MEX,Cuernavaca,337966
BRA,Cuiabá,453813
MEX,Culiacán,744859
VEN,Cumaná,293105
MEX,Cunduacán,104164
CHL,Curicó,115766
BRA,Curitiba,1584232
PER,Cusco,291000
POL,Czestochowa,257812
VNM,"Da Lat",106409
VNM,"Da Nang",382674
IND,Dabgram,147217
POL,"Dabrowa Górnicza",131037
PAK,Dadu,98600
PHL,Dagupan,130328
JPN,Daito,130594
SEN,Dakar,785071
MHL,Dalap-Uliga-Darrit,28000
CHN,Dali,136554
CHN,Dalian,2697000
USA,Dallas,1188580
CIV,Daloa,121842
USA,"Daly City",103621
EGY,Damanhur,212203
SYR,Damascus,1347000
IND,Damoh,95661
PHL,Danao,98781
CHN,Dandong,520000
CHN,Danjiangkou,103211
CHN,Danyang,169603
CHN,Daqing,660000
TZA,"Dar es Salaam",1747000
PHL,"Daraga (Locsin)",101031
IND,Darbhanga,218391
DEU,Darmstadt,137776
TKM,Dashhowuz,141800
PAK,Daska,101500
PHL,Dasmariñas,379520
CHN,Datong,800000
LVA,Daugavpils,114829
IND,Davangere,266082
PHL,Davao,1147116
USA,Davenport,98256
CHN,Daxian,188101
SYR,"Dayr al-Zawr",140459
USA,Dayton,166179
CHN,Da´an,138963
NGA,"Deba Habe",138600
HUN,Debrecen,203648
LKA,Dehiwala,203000
IND,"Dehra Dun",270159
IND,Dehri,94526
NLD,Delft,95268
IND,Delhi,7206704
IND,"Delhi Cantonment",94326
MEX,Delicias,116132
HTI,Delmas,240429
CAN,Delta,95411
TUR,Denizli,253848
IDN,Denpasar,435000
USA,Denver,554636
IDN,Depok,365200
IDN,Depok,106800
PAK,"Dera Ghazi Khan",188100
PAK,"Dera Ismail Khan",90400
RUS,Derbent,92300
GBR,Derby,236000
USA,"Des Moines",198682
ETH,Dese,97314
USA,Detroit,951270
IND,Dewas,164364
CHN,Deyang,182488
IRN,Dezful,202639
CHN,Dezhou,195485
BGD,Dhaka,3612850
IND,Dhanbad,151789
IND,"Dhule (Dhulia)",278317
BRA,Diadema,335078
IND,Dibrugarh,120127
PHL,Digos,125171
FRA,Dijon,149867
TMP,Dili,47900
RUS,Dimitrovgrad,137000
BGD,Dinajpur,127815
IND,Dindigul,182477
SEN,Diourbel,99400
PHL,Dipolog,99862
ETH,"Dire Dawa",164851
EGY,Disuq,91300
BRA,Divinópolis,185047
TUR,Diyarbakir,479884
DJI,Djibouti,383000
BEN,Djougou,134099
UKR,Dniprodzerzynsk,270000
UKR,Dnipropetrovsk,1103000
BGR,Dobric,100399
TZA,Dodoma,189000
QAT,Doha,355000
MEX,"Dolores Hidalgo",128675
UKR,Donetsk,1050000
CHN,Dongtai,192247
CHN,Dongwan,308669
CHN,Dongying,281728
ESP,"Donostia-San Sebastián",179208
NLD,Dordrecht,119811
DEU,Dortmund,590213
ESP,"Dos Hermanas",94591
COL,"Dos Quebradas",159363
CMR,Douala,1448300
GBR,Douglas,23487
BRA,Dourados,164716
USA,Downey,107323
DEU,Dresden,476668
ROM,"Drobeta-Turnu Severin",117865
ARE,Dubai,669181
IRL,Dublin,481854
GBR,Dudley,192171
DEU,Duisburg,519793
CHN,Dujiangyan,123357
SYR,Duma,131158
PHL,Dumaguete,102265
GBR,Dundee,146690
NZL,Dunedin,119600
CHN,Dunhua,235100
BRA,"Duque de Caxias",746758
ECU,"Duran [Eloy Alfaro]",152514
MEX,Durango,490524
ZAF,Durban,566120
IND,Durg,150645
IND,Durgapur,425836
USA,Durham,187035
TJK,Dushanbe,524000
CHN,Duyun,132971
DEU,Düren,91092
DEU,Düsseldorf,568855
RUS,Dzerzinsk,277100
ZAF,"East London",221047
USA,"East Los Angeles",126379
CAN,"East York",114034
GBR,Eastbourne,90000
JPN,Ebetsu,118805
JPN,Ebina,115571
MEX,"Ecatepec de Morelos",1620303
DZA,"Ech-Chleff (el-Asnam)",96794
NGA,Ede,307100
NLD,Ede,101574
GBR,Edinburgh,450180
TUR,Edirne,123383
CAN,Edmonton,616306
NGA,Effon-Alaiye,153100
NLD,Eindhoven,201843
NGA,Ejigbo,105900
KAZ,Ekibastuz,127200
BOL,"El Alto",534466
MAR,"El Araich",90400
USA,"El Cajon",94578
MEX,"El Fuerte",89556
MAR,"El Jadida",119083
VEN,"El Limón",90000
MEX,"El Mante",112453
USA,"El Monte",115965
USA,"El Paso",563662
VEN,"El Tigre",116256
ESH,El-Aaiún,169000
TUR,Elâzig,228815
POL,Elblag,129782
ESP,"Elche [Elx]",193174
KEN,Eldoret,111882
RUS,Elektrostal,147000
USA,Elgin,89408
RUS,Elista,103300
USA,Elizabeth,120568
IND,Eluru,212866
BRA,Embu,222223
CHN,Emeishan,94000
NLD,Emmen,105853
RUS,Engels,189000
NLD,Enschede,149544
MEX,Ensenada,369573
CHN,Enshi,93056
NGA,Enugu,316100
COL,Envigado,135848
NGA,Epe,101000
DEU,Erfurt,201267
USA,Erie,103717
DEU,Erlangen,100750
IND,Erode,159232
TUR,Erzincan,102304
TUR,Erzurum,246535
ARG,Escobar,116675
USA,Escondido,133559
IRN,Esfahan,1266072
TUR,Eskisehir,470781
IRN,Eslamshahr,265450
ECU,Esmeraldas,123045
FIN,Espoo,213271
DEU,Essen,599515
DEU,"Esslingen am Neckar",89667
ARG,"Esteban Echeverría",235760
IND,Etawah,124072
CAN,Etobicoke,348845
TUN,Ettadhamen,178600
USA,Eugene,137893
BRA,Eunápolis,96610
USA,Evansville,121582
GBR,Exeter,111000
ARG,Ezeiza,99578
CHN,Ezhou,190123
PYF,Faaa,25888
ASM,Fagatogo,2323
USA,Fairfield,92256
PAK,Faisalabad,1977246
IND,Faizabad,124437
TKL,Fakaofo,300
USA,"Fall River",90555
UZB,Fargona,180500
IND,Faridabad,703592
IND,Farrukhabad-cum-Fatehgarh,194567
IND,Fatehpur,117675
USA,Fayetteville,121015
BRA,"Feira de Santana",479992
CHN,Fengcheng,193784
TWN,Fengshan,318562
TWN,Fengyuan,161032
PRY,"Fernando de la Mora",95287
ITA,Ferrara,132127
BRA,"Ferraz de Vasconcelos",139283
MAR,Fès,541162
MDG,Fianarantsoa,99005
ITA,Firenze,376662
IND,Firozabad,215128
USA,Flint,124943
COL,Florencia,108574
ARG,"Florencio Varela",315432
BRA,Florianópolis,281928
COL,Floridablanca,221913
CXR,"Flying Fish Cove",700
ROM,Focsani,98979
ITA,Foggia,154891
USA,Fontana,128929
ITA,Forlì,107475
ARG,Formosa,147636
USA,"Fort Collins",118652
USA,"Fort Lauderdale",152397
USA,"Fort Wayne",205727
USA,"Fort Worth",534694
MTQ,Fort-de-France,94050
BRA,Fortaleza,2097757
CHN,Foshan,303160
BRA,"Foz do Iguaçu",259425
BRA,Franca,290139
BRA,"Francisco Morato",121197
BWA,Francistown,101805
BRA,"Franco da Rocha",108964
DEU,"Frankfurt am Main",643821
DNK,Frederiksberg,90327
SLE,Freetown,850000
DEU,"Freiburg im Breisgau",202455
USA,Fremont,203413
MEX,Fresnillo,182744
USA,Fresno,427652
JPN,Fuchu,220576
ESP,Fuenlabrada,171173
JPN,Fuji,231527
JPN,Fujieda,126897
JPN,Fujimi,96972
CHN,Fujin,103104
JPN,Fujinomiya,119714
JPN,Fujisawa,372840
JPN,Fukaya,102156
JPN,Fukui,254818
JPN,Fukuoka,1308379
JPN,Fukushima,287525
JPN,Fukuyama,376921
CHN,Fuling,173878
USA,Fullerton,126003
JPN,Funabashi,545299
TUV,Funafuti,4600
CHN,Fuqing,99193
CHN,Fushun,1200000
CHN,Fuxin,640000
CHN,Fuyang,179572
CHN,Fuyu,192981
CHN,Fuzhou,1593800
CHN,Fu´an,105265
DEU,Fürth,109771
TUN,Gabès,106600
BWA,Gaborone,213017
IND,"Gadag Betigeri",134051
USA,Gainesville,92291
ROM,Galati,330276
IND,Gandhidham,104585
IND,Gandhinagar,123359
IND,Ganganagar,161482
CHN,Ganzhou,220129
BRA,Garanhuns,114603
MNP,Garapan,9200
USA,"Garden Grove",165196
USA,Garland,215768
CMR,Garoua,177000
IDN,Garut,95800
USA,Gary,102746
CAN,Gatineau,100702
IND,Gaya,291675
PSE,Gaza,353632
TUR,Gaziantep,789056
BGD,Gazipur,96717
POL,Gdansk,458988
POL,Gdynia,253521
TUR,Gebze,264170
AUS,Geelong,125382
CHN,Gejiu,214294
DEU,Gelsenkirchen,281979
MEX,"General Escobedo",232961
PHL,"General Mariano Alvarez",112446
ARG,"General San Martín",422542
PHL,"General Santos",411822
PHL,"General Trias",107691
CHE,Geneve,173500
ITA,Genova,636104
BEL,Gent,224180
ZAF,George,93818
CYM,"George Town",19600
GUY,Georgetown,254000
DEU,Gera,114718
ZAF,Germiston,164252
ESP,Getafe,145371
DZA,Ghardaïa,89415
IND,Ghaziabad,454156
CHN,Ghulja,177193
GIB,Gibraltar,27025
JPN,Gifu,408007
ESP,Gijón,267980
USA,Gilbert,109697
GBR,Gillingham,92000
PHL,Gingoog,102379
COL,Girardot,110963
COL,Giron,90688
ITA,"Giugliano in Campania",93286
EGY,Giza,2221868
ARM,Gjumri,211700
GBR,Glasgow,619680
RUS,Glazov,106300
USA,Glendale,218812
USA,Glendale,194973
POL,Gliwice,212164
GBR,Gloucester,107000
CAN,Gloucester,107314
IND,Godhra,96813
ARG,"Godoy Cruz",206998
BRA,Goiânia,1056330
PAK,Gojra,115000
AUS,"Gold Coast",311932
COD,Goma,109094
NGA,Gombe,107800
BLR,Gomel,475000
MEX,"Gómez Palacio",272806
IRN,"Gonbad-e Qabus",111253
IND,Gonda,106078
ETH,Gonder,112249
IND,Gondiya,109470
CHN,Gongziling,226569
IND,Gorakhpur,505566
IRN,Gorgan,188710
UKR,Gorlivka,299000
IDN,Gorontalo,94058
POL,"Gorzów Wielkopolski",126019
SWE,"Gothenburg [Göteborg]",466990
BRA,"Governador Valadares",231724
ESP,Granada,244767
USA,"Grand Prairie",127427
USA,"Grand Rapids",197800
BRA,Gravataí,223011
AUT,Graz,240967
USA,"Green Bay",102313
USA,Greensboro,223891
FRA,Grenoble,153317
GBR,Grimsby,89000
BLR,Grodno,302000
NLD,Groningen,172701
RUS,Grozny,186000
POL,Grudziadz,102434
VEN,Guacara,131334
MEX,Guadalajara,1647720
MEX,Guadalupe,108881
MEX,Guadalupe,668780
PHL,Guagua,96858
BRA,Guaíba,92224
MEX,Guanajuato,141215
VEN,Guanare,125621
CHN,Guangshui,102770
CHN,Guangyuan,182241
CUB,Guantánamo,205078
BRA,Guarapuava,160510
BRA,Guaratinguetá,103433
VEN,Guarenas,165889
BRA,Guarujá,237206
BRA,Guarulhos,1095874
MEX,Guasave,277201
VEN,Guatire,109121
ECU,Guayaquil,2070040
ARG,Guaymallén,200595
MEX,Guaymas,130108
PRI,Guaynabo,100053
IND,Gudivada,101656
CAN,Guelph,103593
CHN,Guigang,114025
CHN,Guilin,364130
CHN,Guiyang,1465200
PAK,Gujranwala,1124749
PAK,Gujrat,250121
IND,Gulbarga,304099
IND,Guna,100490
IND,Guntakal,107592
IND,Guntur,471051
IND,Gurgaon,128608
MOZ,Gurue,99300
NGA,Gusau,158000
IND,"Guwahati (Gauhati)",584342
IND,Gwalior,690765
ZWE,Gweru,128037
DEU,Gütersloh,95028
HUN,Györ,127119
AZE,Gäncä,299300
SWE,Gävle,90742
DEU,Göttingen,124775
NLD,Haag,440900
NLD,Haarlem,148772
NLD,Haarlemmermeer,110722
RUS,Habarovsk,609400
JPN,Habikino,118968
IND,Habra,100223
JPN,Hachinohe,242979
JPN,Hachioji,513451
JPN,Hadano,166512
PRK,Haeju,229172
SAU,"Hafar al-Batin",137800
PAK,Hafizabad,130200
DEU,Hagen,205201
PHL,Hagonoy,111425
CHN,Haicheng,205560
ISR,Haifa,265700
CHN,Haikou,454300
SAU,Hail,176800
CHN,Hailar,180650
CHN,Hailun,133565
CHN,Haining,100478
VNM,Haiphong,783133
JPN,Hakodate,294788
IND,Haldia,100347
IND,Haldwani-cum-Kathgodam,104195
CAN,Halifax,113910
GBR,Halifax,91069
IND,Halisahar,114028
DEU,Halle/Saale,254360
SYR,Hama,343361
IRN,Hamadan,401281
JPN,Hamamatsu,568796
DEU,Hamburg,1704735
PRK,Hamhung,709730
CHN,Hami,161315
CAN,Hamilton,335614
BMU,Hamilton,1200
NZL,Hamilton,117100
DEU,Hamm,181804
USA,Hampton,146437
KOR,Hanam,115812
JPN,Handa,108600
CHN,Handan,840000
CHN,Hangzhou,2190500
DEU,Hannover,514718
VNM,Hanoi,1410000
CHN,Hanzhong,169930
IND,"Haora (Howrah)",950435
IND,Hapur,146262
ZWE,Harare,1410000
CHN,Harbin,4289800
IND,"Hardwar (Haridwar)",147305
SOM,Hargeysa,90000
UKR,"Harkova [Harkiv]",1500000
USA,Hartford,121578
GBR,Hartlepool,92000
IND,Hassan,90803
THA,"Hat Yai",148632
TUR,"Hatay (Antakya)",143982
IND,Hathras,113285
USA,Hayward,140030
IND,Hazaribag,97712
CHN,Hebi,212976
PSE,Hebron,119401
NLD,Heerlen,95052
CHN,Hefei,1369100
CHN,Hegang,520000
DEU,Heidelberg,139672
DEU,Heilbronn,119526
SWE,Helsingborg,117737
FIN,"Helsinki [Helsingfors]",555474
USA,Henderson,175381
CHN,Hengshui,104269
CHN,Hengyang,487148
MMR,"Henzada (Hinthada)",104700
GRC,Herakleion,116178
AFG,Herat,186800
MEX,Hermosillo,608697
DEU,Herne,175661
UKR,Herson,353000
CHN,Heyuan,120101
CHN,Heze,189293
USA,Hialeah,226419
MEX,Hidalgo,106198
MEX,"Hidalgo del Parral",100881
JPN,Higashihiroshima,119166
JPN,Higashikurume,111666
JPN,Higashimatsuyama,93342
JPN,Higashimurayama,136970
JPN,Higashiosaka,517785
JPN,Hikone,105508
DEU,Hildesheim,104013
JPN,Himeji,475167
RUS,Himki,133700
SYR,Hims,507404
IND,Hindupur,104651
JPN,Hino,166770
JPN,Hirakata,403151
JPN,Hiratsuka,254207
JPN,Hirosaki,177522
JPN,Hiroshima,1119117
IND,"Hisar (Hissar)",172677
JPN,Hitachi,196622
JPN,Hitachinaka,148006
UKR,Hmelnytskyi,262000
VNM,"Ho Chi Minh City",3980000
AUS,Hobart,126118
YEM,Hodeida,298500
JPN,Hofu,118751
CHN,Hohhot,916700
CUB,Holguín,249492
USA,Hollywood,139357
ISR,Holon,163100
VNM,"Hong Gai",127484
CHN,Honghu,190772
CHN,Hongjiang,116188
SLB,Honiara,50100
USA,Honolulu,371657
BRA,Hortolândia,135755
IND,Hoshiarpur,122705
IND,Hospet,96322
USA,Houston,1953631
JPN,Hoya,100313
CZE,"Hradec Králové",98080
TWN,Hsichuh,154976
TWN,Hsinchu,361958
TWN,Hsinchuang,365048
TWN,Hsintien,263603
CHN,Huadian,175873
CHN,Huaibei,366549
CHN,Huaihua,126785
CHN,Huainan,700000
CHN,Huaiyin,239675
CHN,Huai´an,131149
TWN,Hualien,108407
AGO,Huambo,163100
PER,Huancayo,327000
CHN,Huangshan,102628
CHN,Huangshi,457601
CHN,Huangyan,89288
PER,Huánuco,129688
CHN,Huaying,89400
IND,Hubli-Dharwad,648298
GBR,Huddersfield,143726
VNM,Hue,219149
MEX,"Huejutla de Reyes",108017
ESP,Huelva,140583
IND,Hugli-Chinsurah,151806
MEX,Huimanguillo,158335
MEX,Huixquilucan,193156
CHN,Huizhou,161023
CHN,Hunjiang,482043
USA,"Huntington Beach",189594
USA,Huntsville,158216
ARG,Hurlingham,170028
CHN,Huzhou,218071
PAK,Hyderabad,1151274
IND,Hyderabad,2964638
PRK,Hyesan,178020
ROM,Iasi,348070
NGA,Ibadan,1432000
COL,Ibagué,393664
JPN,Ibaraki,261020
ECU,Ibarra,130643
YEM,Ibb,103300
BRA,Ibirité,125982
PER,Ica,194820
IND,Ichalkaranji,214950
JPN,Ichihara,279280
JPN,Ichikawa,441893
JPN,Ichinomiya,270828
KOR,Ichon,155332
EGY,Idfu,94200
SYR,Idlib,91081
NGA,Ife,296800
NGA,Igboho,106800
MEX,"Iguala de la Independencia",123883
JPN,Iida,107583
NGA,Ijebu-Ode,156400
NGA,Ikare,140800
JPN,Ikeda,102710
NGA,Ikerre,244600
NGA,Ikire,123300
NGA,Ikirun,181400
JPN,Ikoma,111645
NGA,Ikorodu,184900
KOR,Iksan,322685
NGA,Ila,264000
PHL,Ilagan,119990
IRN,Ilam,126346
TWN,Ilan,92000
NGA,Ilawe-Ekiti,184500
NGA,Ilesha,378400
BRA,Ilhéus,254970
PHL,Iligan,285061
NGA,Ilobu,199000
PHL,Iloilo,365820
NGA,Ilorin,475800
JPN,Imabari,119357
BRA,Imperatriz,224564
IND,Imphal,198535
PHL,Imus,195482
ZAF,Inanda,634065
JPN,Inazawa,98746
KOR,Inchon,2559424
BRA,Indaiatuba,135968
USA,Independence,113288
USA,Indianapolis,791926
IND,Indore,1091674
TUR,Inegöl,90500
USA,Inglewood,112580
DEU,Ingolstadt,114826
IND,"Ingraj Bazar (English Bazar)",139204
NGA,Inisa,119800
AUT,Innsbruck,111752
BRA,Ipatinga,206338
MYS,Ipoh,382853
GBR,Ipswich,114000
CHL,Iquique,177892
PER,Iquitos,367000
MEX,Irapuato,440039
JOR,Irbid,231511
IRQ,Irbil,485968
RUS,Irkutsk,593700
JPN,Iruma,145922
USA,Irvine,143072
USA,Irving,191615
JPN,Isahaya,93058
JPN,Ise,101732
NGA,Ise-Ekiti,103400
JPN,Isehara,98123
DEU,Iserlohn,99474
JPN,Isesaki,123285
NGA,Iseyin,217300
JPN,Ishinomaki,120963
TUR,Iskenderun,153022
PAK,Islamabad,524500
EGY,Ismailia,254477
TUR,Isparta,121911
TUR,Istanbul,8787958
BRA,Itabira,102217
BRA,Itaboraí,173977
BRA,Itabuna,182148
COL,Itagüí,228985
BRA,Itaituba,101320
BRA,Itajaí,145197
JPN,Itami,190886
BRA,"Itapecerica da Serra",126672
BRA,Itapetininga,119391
BRA,Itapevi,150664
BRA,Itaquaquecetuba,270874
BRA,Itu,132736
BRA,Ituiutaba,90507
ARG,Ituzaingó,158197
UKR,Ivano-Frankivsk,237000
RUS,Ivanovo,459200
JPN,Iwaki,361737
JPN,Iwakuni,106647
JPN,Iwatsuki,110034
NGA,Iwo,362000
MEX,Ixtapaluca,293160
MEX,Ixtlahuaca,115548
RUS,Izevsk,652800
UKR,Izmajil,90000
TUR,Izmir,2130359
TUR,"Izmit (Kocaeli)",210068
JPN,Izumi,166979
JPN,Izumisano,92583
PSE,Jabaliya,113901
IND,Jabalpur,741927
BRA,"Jaboatão dos Guararapes",558680
BRA,Jacareí,170356
USA,Jackson,184256
USA,Jacksonville,735167
PAK,Jacobabad,137700
BRA,Jacobina,96131
ESP,Jaén,109247
LKA,Jaffna,149000
IRN,Jahrom,94200
IND,Jaipur,1458483
IDN,Jakarta,9604900
RUS,Jakutsk,195400
IND,"Jalandhar (Jullundur)",509510
IND,Jalgaon,242193
KWT,"Jalib al-Shuyukh",102178
IND,Jalna,174985
BGD,Jamalpur,103556
IDN,Jambi,385201
SHN,Jamestown,1500
IND,Jammu,214737
IND,Jamnagar,341637
IND,Jamshedpur,460577
BRA,"Jaraguá do Sul",102580
SYR,Jaramana,138469
PAK,Jaranwala,103300
RUS,Jaroslavl,616700
POL,Jastrzebie-Zdrój,102294
BRA,Jaú,109965
IND,Jaunpur,136062
POL,Jaworzno,97929
IDN,"Jaya Pura",94700
SAU,Jedda,2046300
RUS,Jekaterinburg,1266300
POL,"Jelenia Góra",93901
RUS,Jelets,119400
IDN,Jember,218500
DEU,Jena,99779
UKR,Jenakijeve,105000
BRA,Jequié,179128
ESP,"Jerez de la Frontera",182660
USA,"Jersey City",240055
ISR,Jerusalem,633700
RUS,Jessentuki,97900
BGD,Jessore,139710
UKR,Jevpatorija,112000
PAK,Jhang,292214
IND,Jhansi,300850
PAK,Jhelum,145800
BRA,Ji-Paraná,93346
CHN,Jiamusi,493409
CHN,Jiangmen,230587
CHN,Jiangyin,213659
CHN,Jiangyou,175753
CHN,Jiaohe,176367
CHN,Jiaonan,121397
CHN,Jiaozhou,153364
CHN,Jiaozuo,409100
CHN,Jiaxing,211526
CHN,Jieyang,98531
CHN,Jilin,1040000
CHN,Jinan,2278100
CHN,Jinchang,105287
CHN,Jincheng,136396
CHN,Jingdezhen,281183
CHN,Jinhua,144280
CHN,Jining,163552
CHN,Jining,265248
CHN,Jinmen,160794
CHN,Jinxi,357052
CHN,Jinzhou,95761
CHN,Jinzhou,570000
EGY,Jirja,95400
CHN,Jiujiang,291187
CHN,Jiutai,180130
MEX,Jiutepec,170428
CHN,Jixi,683885
CHN,Ji´an,148583
BRA,"João Pessoa",584029
IND,Jodhpur,666279
JPN,Joetsu,133505
ZAF,Johannesburg,756653
MYS,"Johor Baharu",328436
BRA,Joinville,428011
JPN,"Jokohama [Yokohama]",3339594
USA,Joliet,106221
IDN,Jombang,92600
NGA,Jos,206300
MEX,"José Azueta",95448
ARG,"José C. Paz",221754
RUS,Joškar-Ola,249200
MEX,Juárez,1217818
BRA,Juazeiro,201073
BRA,"Juazeiro do Norte",199636
SDN,Juba,114980
SAU,Jubayl,140800
BRA,"Juiz de Fora",450288
PER,Juliaca,142576
IND,Junagadh,130484
CHN,Junan,90222
BRA,Jundíaí,296127
RUS,Juzno-Sahalinsk,179200
SWE,Jönköping,117095
PHL,Kabankalan,149769
AFG,Kabul,1780000
ZMB,Kabwe,154300
JPN,Kadoma,138953
NGA,Kaduna,342200
PRK,Kaesong,171500
EGY,"Kafr al-Dawwar",231978
EGY,"Kafr al-Shaykh",124819
JPN,Kagoshima,549977
TUR,Kahramanmaras,245772
CHN,Kaifeng,510000
CHN,Kaili,113958
TUN,Kairouan,113100
DEU,Kaiserslautern,100025
CHN,Kaiyuan,91999
CHN,Kaiyuan,124219
JPN,Kakamigahara,131831
IND,Kakinada,279980
JPN,Kakogawa,266281
COD,Kalemie,101309
RUS,Kaliningrad,424400
POL,Kalisz,106641
GRC,Kallithea,114233
PHL,Kalookan,1177604
RUS,Kaluga,339300
IND,Kalyan,1014557
JPN,Kamagaya,100821
JPN,Kamakura,167661
PAK,Kamalia,95300
IND,Kamarhati,266889
RUS,Kamensk-Uralski,190600
JPN,Kameoka,92398
UKR,Kamjanets-Podilskyi,109000
PAK,Kamoke,151000
UGA,Kampala,890800
RUS,Kamyšin,124600
COD,Kananga,393030
JPN,Kanazawa,455386
IND,Kanchipuram,150100
IND,Kanchrapara,100194
LKA,Kandy,140000
PRK,Kanggye,223410
KOR,Kangnung,220403
TWN,Kangshan,92200
NGA,Kano,674100
IND,Kanpur,1874409
IND,"Kanpur Cantonment",93109
USA,"Kansas City",441545
USA,"Kansas City",146866
RUS,Kansk,107400
CHN,"Kanton [Guangzhou]",4256300
JPN,Kanuma,93053
TWN,Kaohsiung,1475505
SEN,Kaolack,199000
TUR,Karabük,118285
PAK,Karachi,9269265
IRN,Karaj,940968
TUR,Karaman,104200
IDN,Karawang,145000
IRQ,Karbala,296705
IND,Karimnagar,148583
JPN,Kariya,127969
DEU,Karlsruhe,277204
IND,Karnal,173751
TUR,Kars,93000
UZB,Karsi,194100
IRN,Kashan,201372
JPN,Kashihara,124013
JPN,Kashiwa,320296
JPN,Kashiwazaki,91229
SDN,Kassala,234622
DEU,Kassel,196211
JPN,Kasuga,101344
JPN,Kasugai,282348
JPN,Kasukabe,201838
PAK,Kasur,241649
IND,"Kataka (Cuttack)",403418
NPL,Kathmandu,591835
IND,Katihar,154367
POL,Katowice,345934
NGA,Katsina,206500
LTU,Kaunas,412639
JPN,Kawachinagano,119666
JPN,Kawagoe,327211
JPN,Kawaguchi,452155
JPN,Kawanishi,149794
JPN,Kawasaki,1217359
TUR,Kayseri,475657
RUS,Kazan,1101000
HUN,Kecskemét,105606
IDN,Kediri,253760
TWN,"Keelung (Chilung)",385201
MYS,Kelang,243355
CAN,Kelowna,89442
RUS,Kemerovo,492700
ZAF,"Kempton Park",442633
IDN,Kendari,94800
MAR,Kénitra,292600
USA,Kenosha,89447
IRN,Kerman,384991
IRN,Kermanshah,692986
UKR,Kertš,162000
PAK,Khairpur,102200
SAU,"Khamis Mushayt",217900
IND,Khammam,127992
PSE,"Khan Yunis",123175
IND,Khandwa,145133
PAK,Khanewal,133000
PAK,Khanpur,117800
IND,Kharagpur,177989
SDN,Khartum,947483
IRN,Khomeynishahr,165888
THA,"Khon Kaen",126500
IRN,Khorramabad,272815
IRN,Khorramshahr,105636
MAR,Khouribga,152090
IRN,Khoy,148944
TJK,Khujand,161500
BGD,Khulna,663340
PAK,Khuzdar,93100
PHL,Kidapawan,101205
DEU,Kiel,233795
POL,Kielce,212383
RWA,Kigali,286000
COD,Kikwit,182142
TUR,Kilis,118245
ZAF,Kimberley,197254
PRK,Kimchaek,179000
KOR,Kimchon,147027
KOR,Kimhae,256370
JPN,Kimitsu,93216
KOR,Kimje,115427
RUS,Kinešma,100000
JAM,Kingston,103962
NFK,Kingston,800
GBR,"Kingston upon Hull",262000
VCT,Kingstown,17100
COD,Kinshasa,5064000
JPN,Kioto,1461974
TUR,Kirikkale,142044
IRQ,Kirkuk,418624
RUS,Kirov,466200
RUS,Kirovo-Tšepetsk,91600
UKR,Kirovograd,265000
JPN,Kiryu,118326
COD,Kisangani,417517
JPN,Kisarazu,121967
RUS,Kiseljovsk,110000
JPN,Kishiwada,197276
RUS,Kislovodsk,120400
SOM,Kismaayo,90000
KEN,Kisumu,192733
JPN,Kitakyushu,1016264
JPN,Kitami,111295
CAN,Kitchener,189959
ZMB,Kitwe,288600
TUR,Kiziltepe,112000
AUT,Klagenfurt,91141
LTU,Klaipeda,202451
IDN,Klaten,103300
ZAF,Klerksdorp,261911
RUS,Klin,90000
USA,Knoxville,173890
JPN,Kobe,1425139
DEU,Koblenz,108003
JPN,Kochi,324710
JPN,Kodaira,174984
JPN,Kofu,199753
JPN,Koganei,110969
PAK,Kohat,125300
KOR,Koje,147562
JPN,Kokubunji,106996
IND,Kolhapur,406370
IND,"Kollam (Quilon)",139852
RUS,Kolomna,150700
RUS,Kolpino,141200
COD,Kolwezi,417810
JPN,Komaki,139827
JPN,Komatsu,107937
RUS,Komsomolsk-na-Amure,291600
JPN,Konan,95521
KOR,Kongju,131229
UKR,Konotop,96000
TUR,Konya,628364
IND,Korba,124501
CIV,Korhogo,109445
JPN,Koriyama,330335
CHN,Korla,159344
RUS,Korolev,132400
PHL,Koronadal,133786
PLW,Koror,12000
JPN,Koshigaya,301446
UKR,Kostjantynivka,95000
RUS,Kostroma,288100
POL,Koszalin,112375
IND,Kota,537371
MYS,"Kota Bharu",219582
BFA,Koudougou,105000
RUS,Kovrov,159900
HKG,"Kowloon and New Kowloon",1987996
KOR,Koyang,518282
SVK,Košice,241874
YUG,Kragujevac,147305
POL,Kraków,738150
UKR,Kramatorsk,186000
RUS,Krasnodar,639000
RUS,Krasnogorsk,91000
RUS,Krasnojarsk,875500
UKR,"Krasnyi Lutš",101000
DEU,Krefeld,241769
UKR,Krementšuk,239000
IND,Krishnanagar,121110
ZAF,Krugersdorp,181503
UKR,"Kryvyi Rig",703000
MAR,"Ksar el Kebir",107065
MYS,"Kuala Lumpur",1297526
MYS,"Kuala Terengganu",228119
MYS,Kuantan,199484
MYS,Kuching,148059
IDN,Kudus,95300
TWN,Kueishan,112195
IND,Kukatpalle,185378
IND,Kulti-Barakar,108518
JPN,Kumagaya,157171
JPN,Kumamoto,656734
GHA,Kumasi,385192
IND,Kumbakonam,139483
KOR,Kumi,311431
NGA,Kumo,148000
CHN,Kunming,1829500
KOR,Kunpo,235233
KOR,Kunsan,266569
CHN,Kunshan,102052
IDN,Kupang,129300
JPN,Kurashiki,425103
JPN,Kure,206504
RUS,Kurgan,364700
KOR,Kuri,142173
IND,Kurnool,236800
RUS,Kursk,443500
JPN,Kurume,235611
JPN,Kusatsu,106232
JPN,Kushiro,197608
SDN,Kusti,173599
GEO,Kutaisi,240900
KWT,Kuwait,28859
JPN,Kuwana,106121
CHN,Kuytun,118553
RUS,Kuznetsk,98200
KOR,Kwang-yang,122052
KOR,Kwangju,1368341
KOR,Kwangmyong,350914
UKR,Kyiv,2624000
UZB,Kükon,190100
KOR,Kyongju,272968
KOR,Kyongsan,173746
TUR,Kütahya,144761
RUS,Kyzyl,101100
KAZ,Kökshetau,123400
DEU,Köln,962507
DNK,København,495699
HND,"La Ceiba",89200
CUB,"La Habana",2256000
ARG,"La Matanza",1266461
MEX,"La Paz",213045
BOL,"La Paz",758141
MEX,"La Paz",196708
ARG,"La Plata",521936
ARG,"La Rioja",138117
DOM,"La Romana",140204
CHL,"La Serena",137409
ITA,"La Spezia",95504
ZAF,Ladysmith,89292
USA,Lafayette,110257
NGA,Lafia,122500
BRA,Lages,139570
NGA,Lagos,1518000
MEX,"Lagos de Moreno",127949
PAK,Lahore,5063499
FIN,Lahti,96921
CHN,Laiwu,246833
CHN,Laiyang,137080
CHN,Laizhou,198664
USA,Lakewood,144126
IND,"Lalbahadur Nagar",155500
NPL,Lalitapur,145847
PRY,Lambaré,99681
USA,Lancaster,118718
CHN,Langfang,148105
USA,Lansing,119128
ARG,Lanús,469735
CHN,Lanzhou,1565800
PHL,Laoag,94466
CHN,Laohekou,123366
PHL,Lapu-Lapu,217019
USA,Laredo,176576
GRC,Larisa,113090
PAK,Larkana,270366
ARG,"Las Heras",145823
MEX,"Las Margaritas",97389
ESP,"Las Palmas de Gran Canaria",354757
PHL,"Las Piñas",472780
USA,"Las Vegas",478434
MMR,"Lashio (Lasho)",107600
SYR,Latakia,264563
ITA,Latina,114099
IND,Latur,197408
BRA,"Lauro de Freitas",109236
CHE,Lausanne,114500
CAN,Laval,330393
MEX,"Lázaro Cárdenas",170878
FRA,"Le Havre",190905
FRA,"Le Mans",146105
HTI,Le-Cap-Haïtien,102233
ITA,Lecce,98208
GBR,Leeds,424194
ESP,Leganés,173163
PHL,Legazpi,157010
POL,Legnica,109335
GBR,Leicester,294000
NLD,Leiden,117196
DEU,Leipzig,489532
CHN,Leiyang,130115
CHN,Lengshuijiang,137994
RUS,Leninsk-Kuznetski,113800
ESP,León,139809
MEX,León,1133576
NIC,León,123865
MEX,Lerdo,112272
MEX,Lerma,99714
GLP,"Les Abymes",62947
CHN,Leshan,341128
DEU,Leverkusen,160841
USA,Lexington-Fayette,260512
CHN,Lhasa,120000
IDN,Lhokseumawe,109600
CHN,Liangcheng,156307
CHN,Lianyuan,118858
CHN,Lianyungang,354139
CHN,Liaocheng,207844
CHN,Liaoyang,492559
CHN,Liaoyuan,354141
CZE,Liberec,99155
GAB,Libreville,419000
BLR,Lida,101000
BEL,Liège,185639
LVA,Liepaja,89439
PHL,Ligao,90603
COD,Likasi,299118
CHN,Liling,108504
FRA,Lille,184657
MWI,Lilongwe,435964
PER,Lima,6464693
CYP,Limassol,154400
BRA,Limeira,245497
FRA,Limoges,133968
CHN,Linchuan,121949
USA,Lincoln,225581
CHN,Linfen,187309
CHN,Linhai,90870
BRA,Linhares,106278
CHN,Linhe,133183
SWE,Linköping,133168
CHN,Linqing,123958
CHN,Linyi,324720
AUT,Linz,188022
PHL,Lipa,218447
RUS,Lipetsk,521000
PRT,Lisboa,563210
USA,"Little Rock",183133
CHN,Liupanshui,363954
CHN,Liuzhou,610000
CHN,Liu´an,144248
GBR,Liverpool,461000
USA,Livonia,100545
ITA,Livorno,161673
CHN,Liyang,109520
RUS,Ljubertsy,163900
SVN,Ljubljana,270986
ESP,"Lleida (Lérida)",112207
AGO,Lobito,130000
POL,Lódz,800110
ESP,Logroño,127093
ECU,Loja,123875
ARG,"Lomas de Zamora",622013
TGO,Lomé,375000
CAN,London,339917
GBR,London,7285000
BRA,Londrina,432257
USA,"Long Beach",461522
VNM,"Long Xuyen",132681
CHN,Longjing,139417
CHN,Longkou,148362
CAN,Longueuil,127977
CHN,Longyan,134481
SJM,Longyearbyen,1438
USA,"Los Angeles",3694820
CHL,"Los Angeles",158215
MEX,"Los Cabos",105199
VEN,"Los Teques",178784
CHN,Loudi,128418
USA,Louisville,256231
USA,Lowell,105167
NZL,"Lower Hutt",98100
AGO,Luanda,2022000
ZMB,Luanshya,118100
PHL,Lubao,125699
USA,Lubbock,199564
POL,Lublin,356251
COD,Lubumbashi,851381
PHL,Lucena,196075
TWN,Luchou,160516
IND,Lucknow,1619115
IND,Ludhiana,1042740
DEU,"Ludwigshafen am Rhein",163771
UKR,Lugansk,469000
SWE,Lund,98948
TWN,Lungtan,103088
CHN,Luohe,126438
CHN,Luoyang,760000
ZMB,Lusaka,1317000
GBR,Luton,183000
UKR,Lutsk,217000
LUX,"Luxembourg [Luxemburg/Lëtzebuerg]",80700
EGY,Luxor,360503
CHN,Luzhou,262892
BRA,Luziânia,125597
UKR,Lviv,788000
DEU,Lübeck,213326
DEU,Lünen,92044
FRA,Lyon,445452
UKR,Lysytšansk,116000
ESP,"L´Hospitalet de Llobregat",247986
NLD,Maastricht,122087
PHL,Mabalacat,171045
BRA,Macaé,125597
MAC,Macao,437500
BRA,Macapá,256033
BRA,Maceió,786288
KEN,Machakos,116293
ECU,Machala,210368
JPN,Machida,364197
IND,"Machilipatnam (Masulipatam)",159110
USA,Macon,113336
MEX,Macuspana,133795
USA,Madison,208054
IDN,Madiun,171532
ESP,Madrid,2879052
IND,Madurai,977856
JPN,Maebashi,284473
RUS,Magadan,121000
DEU,Magdeburg,235073
BRA,Magé,196147
IDN,Magelang,123800
RUS,Magnitogorsk,427900
IRN,Mahabad,107799
MDG,Mahajanga,100807
RUS,Mahatškala,332800
IND,Mahbubnagar,116833
COL,Maicao,108053
GBR,Maidstone,90878
NGA,Maiduguri,320000
RUS,Maikop,167300
DEU,Mainz,183134
JPN,Maizuru,94784
IDN,Majalaya,93200
PHL,Makati,444867
UKR,Makijivka,384000
NGA,Makurdi,123100
GNQ,Malabo,40000
PHL,Malabon,338855
ESP,Málaga,530553
IDN,Malang,716862
PHL,Malasiqui,113190
TUR,Malatya,330312
PHL,Malaybalay,123672
IRN,Malayer,144373
MDV,Male,71000
IND,Malegaon,342595
PHL,Malita,100000
IND,Malkajgiri,126066
EGY,Mallawi,119283
SWE,Malmö,259579
PHL,Malolos,175291
PHL,Malungon,93232
ARG,"Malvinas Argentinas",290335
MYT,Mamoutzou,12000
IDN,Manado,332288
NIC,Managua,959000
BRA,Manaus,1255049
GBR,Manchester,430000
USA,Manchester,107006
MMR,Mandalay,885300
PHL,Mandaluyong,278474
IND,Mandasor,95758
PHL,Mandaue,259728
PAK,"Mandi Bahauddin",97300
PAK,"Mandi Burewala",149900
IND,Mandya,120265
IND,Mangalore,273304
IND,Mango,110024
PHL,Manila,1581082
TUR,Manisa,207148
COL,Manizales,337580
DEU,Mannheim,307730
ECU,Manta,164739
NZL,Manukau,281800
MEX,Manzanillo,124014
CUB,Manzanillo,109350
CHN,Manzhouli,120023
CHN,Maoming,178683
MOZ,Maputo,1018938
ARG,"Mar del Plata",512880
BRA,Marabá,167795
VEN,Maracaíbo,1304776
BRA,Maracanaú,162022
VEN,Maracay,444443
NER,Maradi,112965
IRN,Maragheh,132318
IRN,Marand,96400
PHL,Marawi,131090
ESP,Marbella,101144
PAK,Mardan,244511
UZB,Margilon,140800
SVN,Maribor,115532
PHL,Marikina,391170
PHL,Marilao,101017
BRA,Marília,188691
BRA,Maringá,286461
UKR,Mariupol,490000
CAN,Markham,189098
DEU,Marl,93735
CMR,Maroua,143000
MAR,Marrakech,621914
FRA,Marseille,798430
MEX,"Martínez de la Torre",118815
IRN,"Marv Dasht",103579
TKM,Mary,101000
KOR,Masan,441242
NIC,Masaya,88971
LSO,Maseru,297000
IRN,Mashhad,1887405
IRN,Masjed-e-Soleyman,116883
OMN,Masqat,51969
WLF,Mata-Utu,1137
COD,Matadi,172730
MEX,Matamoros,91858
MEX,Matamoros,416428
CUB,Matanzas,123273
IDN,Mataram,306600
ESP,Mataró,104095
IND,Mathura,226691
PHL,Mati,105908
MOZ,Matola,424662
JPN,Matsubara,135010
JPN,Matsudo,461126
JPN,Matsue,149821
JPN,Matsumoto,206801
JPN,Matsusaka,123582
JPN,Matsuyama,466133
VEN,Maturín,319726
BRA,Mauá,375055
IND,"Maunath Bhanjan",136697
MOZ,Maxixe,93985
PRI,Mayagüez,98434
AFG,Mazar-e-Sharif,127800
MEX,Mazatlán,380265
CHN,Ma´anshan,305421
SWZ,Mbabane,61000
COD,Mbandaka,169841
TZA,Mbeya,130800
SEN,Mbour,109300
COD,Mbuji-Mayi,806475
USA,McAllen,106414
ZAF,Mdantsane,182639
IDN,Medan,1843919
COL,Medellín,1861265
SAU,Medina,608300
IND,Meerut,753778
IND,"Meerut Cantonment",94876
CHN,Meihekou,209038
MMR,Meikhtila,129700
CHN,Meixian,132156
SLV,Mejicanos,138800
ETH,Mekele,96938
SAU,Mekka,965700
MAR,Meknès,460000
AUS,Melbourne,2865329
CHL,Melipilla,91056
UKR,Melitopol,169000
USA,Memphis,650100
ARG,Mendoza,123027
MMR,"Mergui (Myeik)",122700
MEX,Mérida,703324
VEN,Mérida,224887
ARG,Merlo,463846
TUR,"Mersin (Içel)",587212
KEN,Meru,94947
USA,Mesa,396375
USA,Mesquite,124523
ITA,Messina,259156
USA,Metairie,149428
MEX,Metepec,194265
FRA,Metz,123776
MEX,Mexicali,764902
PHL,Mexico,109481
PHL,Meycauayan,163037
RUS,Mezduretšensk,104400
USA,Miami,362470
USA,"Miami Beach",97855
IRN,Miandoab,90100
CHN,Mianyang,262947
TWN,Miaoli,90000
RUS,Miass,166200
GBR,Middlesbrough,145000
USA,Midland,98293
IND,"Midnapore (Medinipur)",125498
PHL,Midsayap,105760
ECU,Milagro,124177
ITA,Milano,1300977
USA,Milwaukee,596974
MEX,Minatitlán,152983
PAK,Mingora,174500
AZE,Mingäçevir,93900
NGA,Minna,136900
USA,Minneapolis,382618
JPN,Minoo,127026
BLR,Minsk,1674000
IND,"Mira Bhayandar",175372
IND,Miraj,125407
PAK,"Mirpur Khas",184500
KOR,Miryang,121501
IND,Mirzapur-cum-Vindhyachal,169336
JPN,Misato,132957
CHN,Mishan,132744
JPN,Mishima,109699
HUN,Miskolc,172357
LBY,Misrata,121669
USA,"Mission Viejo",98049
CAN,Mississauga,608072
EGY,"Mit Ghamr",101801
JPN,Mitaka,167268
JPN,Mito,246559
RUS,Mitšurinsk,120700
GTM,Mixco,209791
JPN,Miyakonojo,133183
JPN,Miyazaki,303784
JPN,Mobara,91664
USA,Mobile,198915
MOZ,Mocuba,124700
ITA,Modena,176022
USA,Modesto,188856
IND,Modinagar,101660
DEU,Moers,106837
IND,Moga,108304
SOM,Mogadishu,997000
BLR,Mogiljov,356000
MAR,Mohammedia,154706
BRA,"Moji das Cruzes",339194
BRA,Moji-Guaçu,123782
IDN,Mojokerto,96626
KOR,Mokpo,247452
BLR,Molodetšno,97000
KEN,Mombasa,461753
MCO,Monaco-Ville,1234
MEX,Monclova,193657
LBR,Monrovia,850000
BEL,Mons,90935
MCO,Monte-Carlo,13154
COL,Montería,248245
MEX,Monterrey,1108499
BRA,"Montes Claros",286058
URY,Montevideo,1236000
USA,Montgomery,201568
FRA,Montpellier,225392
CAN,Montréal,1016376
FRA,Montreuil,90674
MMR,Monywa,138600
ITA,Monza,119516
IND,Moradabad,429214
LKA,Moratuwa,190000
MEX,Morelia,619958
IND,Morena,147124
ARG,Moreno,356993
USA,"Moreno Valley",142381
JPN,Moriguchi,155941
JPN,Morioka,287353
TZA,Morogoro,117800
ARG,Morón,349246
COM,Moroni,36000
IND,Morvi,90357
RUS,Moscow,8389200
TZA,Moshi,96800
BRA,Mossoró,214901
DZA,Mostaganem,115212
ESP,Móstoles,195351
IRQ,Mosul,879000
MMR,"Moulmein (Mawlamyine)",307900
TCD,Moundou,99500
ZWE,"Mount Darwin",164362
BLR,Mozyr,110000
CHN,Mudanjiang,570000
ZMB,Mufulira,123900
UKR,Mukatševe,89000
FRA,Mulhouse,110359
PAK,Multan,1182441
IND,"Mumbai (Bombay)",10500000
KOR,Mun-gyong,92239
IND,"Munger (Monghyr)",150112
DEU,"Munich [München]",1194560
PHL,Muntinlupa,379310
ESP,Murcia,353504
PAK,Muridke,108600
RUS,Murmansk,376300
RUS,Murom,142400
JPN,Muroran,108275
IND,"Murwara (Katni)",163431
JPN,Musashino,134426
NGA,Mushin,333200
ZWE,Mutare,131367
PAK,Muzaffargarh,121600
IND,Muzaffarnagar,240609
IND,Muzaffarpur,241107
TZA,Mwanza,172300
COD,Mwene-Ditu,137459
VNM,"My Tho",108404
MMR,Myingyan,103600
UKR,Mykolajiv,508000
DEU,"Mülheim an der Ruhr",173895
BGD,Mymensingh,188713
DEU,Münster,264670
IND,Mysore,480692
RUS,Mytištši,155700
DEU,Mönchengladbach,263697
RUS,"Nabereznyje Tšelny",514700
PSE,Nablus,100231
MOZ,Naçala-Porto,158248
IND,Nadiad,167051
MAR,Nador,112450
PHL,Naga,137810
JPN,Nagano,361391
JPN,Nagaoka,192407
IND,Nagaon,93350
IND,"Nagar Coil",190084
JPN,Nagareyama,147738
JPN,Nagasaki,432759
JPN,Nagoya,2154376
IND,Nagpur,1624752
JPN,Naha,299851
RUS,Nahodka,157700
IND,Naihati,132701
KEN,Nairobi,2290000
IRN,Najafabad,178498
SAU,Najran,91000
KOR,Naju,107831
THA,"Nakhon Pathom",94100
THA,"Nakhon Ratchasima",181400
THA,"Nakhon Sawan",123800
KEN,Nakuru,163927
RUS,Naltšik,233400
VNM,"Nam Dinh",171699
UZB,Namangan,370500
AGO,Namibe,118200
PRK,Nampo,566200
MOZ,Nampula,303346
BEL,Namur,105419
KOR,Namwon,103544
KOR,Namyangju,229060
CHN,Nanchang,1691600
CHN,Nanchong,180273
FRA,Nancy,103605
IND,"Nanded (Nander)",275083
IND,Nandyal,119813
CHN,"Nanking [Nanjing]",2870300
CHN,Nanning,1161800
CHN,Nanping,195064
FRA,Nantes,270251
CHN,Nantong,343341
TWN,Nantou,104723
CHN,Nanyang,243303
BGD,Naogaon,101266
USA,Naperville,128358
ITA,Napoli,1002619
JPN,Nara,362812
JPN,Narashino,152849
BGD,Narayanganj,202134
JPN,Narita,91470
BGD,Narsinghdi,98342
IND,"Nashik (Nasik)",656925
USA,Nashville-Davidson,569891
BHS,Nassau,172000
PHL,Nasugbu,96113
BRA,Natal,688955
MEX,"Naucalpan de Juárez",857511
IND,Navadwip,125037
UZB,Navoi,116300
MEX,Navojoa,140495
MEX,Navolato,145396
PHL,Navotas,230403
IND,Navsari,126089
BGD,Nawabganj,130577
PAK,Nawabshah,183100
TUR,Nazilli,99900
ETH,Nazret,127842
ZMB,Ndola,329200
RUS,Neftejugansk,97400
RUS,Neftekamsk,115700
LKA,Negombo,100000
CHN,Neijiang,256012
COL,Neiva,300052
IND,Nellore,316606
CAN,Nepean,115100
ISR,Netanya,154900
ARG,Neuquén,167296
DEU,Neuss,149702
RUS,Nevinnomyssk,132600
USA,"New Bedford",94780
IND,"New Bombay",307297
IND,"New Delhi",301297
USA,"New Haven",123626
USA,"New Orleans",484674
USA,"New York",8008278
USA,Newark,273546
AUS,Newcastle,270324
ZAF,Newcastle,222993
GBR,"Newcastle upon Tyne",189150
GBR,Newport,139000
USA,"Newport News",180150
JPN,Neyagawa,257315
IRN,Neyshabur,158847
IND,Neyveli,118080
MEX,Nezahualcóyotl,1224924
VNM,"Nha Trang",221331
NER,Niamey,420000
FRA,Nice,342738
MEX,"Nicolás Romero",269393
CYP,Nicosia,195000
ZAF,Nigel,96734
JPN,Niigata,497464
JPN,Niihama,127207
JPN,Niiza,147744
NLD,Nijmegen,152463
UKR,Nikopol,149000
BRA,Nilópolis,153383
FRA,Nîmes,133424
CHN,Ningbo,1371200
JPN,Nishinomiya,397618
JPN,Nishio,100032
BRA,Niterói,459884
IND,Nizamabad,241034
RUS,Niznekamsk,223400
RUS,Niznevartovsk,233900
RUS,"Nizni Novgorod",1357000
RUS,"Nizni Tagil",390900
YUG,Niš,175391
CMR,Nkongsamba,112454
JPN,Nobeoka,125547
JPN,Noda,121030
MEX,Nogales,159103
RUS,Noginsk,117200
IND,Noida,146514
RUS,Nojabrsk,97300
KOR,Nonsan,146619
THA,Nonthaburi,292100
USA,Norfolk,234403
RUS,Norilsk,140800
USA,Norman,94193
SWE,Norrköping,122199
IND,"North Barrackpur",100513
IND,"North Dum Dum",149965
USA,"North Las Vegas",115488
NZL,"North Shore",187700
CAN,"North York",622632
GBR,Northampton,196000
USA,Norwalk,103298
GBR,Norwich,124000
BRA,"Nossa Senhora do Socorro",131351
GBR,Nottingham,287000
MRT,Nouâdhibou,97600
MRT,Nouakchott,667300
NCL,Nouméa,76293
BRA,"Nova Friburgo",170697
BRA,"Nova Iguaçu",862225
ITA,Novara,102037
YUG,"Novi Sad",179626
BRA,"Novo Hamburgo",239940
RUS,Novokuibyševsk,116200
RUS,Novokuznetsk,561600
RUS,Novomoskovsk,138100
BLR,Novopolotsk,106000
RUS,Novorossijsk,203300
RUS,Novosibirsk,1398800
RUS,Novotroitsk,109600
RUS,Novotšeboksarsk,123400
RUS,Novotšerkassk,184400
RUS,Novouralsk,93300
RUS,Novošahtinsk,101900
RUS,"Novyi Urengoi",89800
PAK,Nowshera,89400
SLV,"Nueva San Salvador",98400
MEX,"Nuevo Laredo",310277
UZB,Nukus,194100
TON,Nuku´alofa,22400
JPN,Numazu,211382
GRL,Nuuk,13445
SDN,Nyala,227183
KEN,Nyeri,91258
HUN,Nyiregyháza,112419
DEU,Nürnberg,486628
TCD,N´Djaména,530965
USA,Oakland,399484
CAN,Oakville,139192
MEX,"Oaxaca de Juárez",256848
SDN,Obeid,229425
DEU,Oberhausen,222349
ZAF,Oberholzer,164367
JPN,Obihiro,173685
RUS,Obninsk,108300
USA,Oceanside,161029
MEX,Ocosingo,171495
VEN,"Ocumare del Tuy",97168
JPN,Odawara,200171
DNK,Odense,183912
UKR,Odesa,1011000
USA,Odessa,89293
RUS,Odintsovo,127400
NGA,Offa,197200
DEU,"Offenbach am Main",116627
JPN,Ogaki,151758
NGA,Ogbomosho,730000
JPN,Oita,433401
NGA,Oka-Akoko,142900
PAK,Okara,200901
JPN,Okayama,624269
JPN,Okazaki,328711
JPN,Okinawa,117748
USA,"Oklahoma City",506132
RUS,Oktjabrski,111500
GBR,"Oldbury/Smethwick (Warley)",145542
DEU,Oldenburg,154125
GBR,Oldham,103931
UKR,Oleksandrija,99000
BRA,Olinda,354732
UZB,Olmalik,114900
CZE,Olomouc,102702
PHL,Olongapo,194260
POL,Olsztyn,170904
USA,Omaha,390007
SDN,Omdurman,1271403
JPN,Ome,139216
JPN,Omiya,441649
RUS,Omsk,1148900
JPN,Omuta,142889
NGA,Ondo,173600
IND,Ongole,100836
NGA,Onitsha,371900
JPN,Onomichi,93756
USA,Ontario,158007
POL,Opole,129553
ROM,Oradea,222239
IND,Orai,98640
KAZ,Oral,195500
DZA,Oran,609823
USA,Orange,128821
ABW,Oranjestad,29034
TUR,Ordu,133642
RUS,Orehovo-Zujevo,124900
RUS,Orenburg,523600
MEX,Orizaba,118488
RUS,Orjol,344500
USA,Orlando,185951
FRA,Orléans,113126
PHL,Ormoc,154297
RUS,Orsk,273900
BOL,Oruro,223553
BLR,Orša,124000
JPN,Osaka,2595674
BRA,Osasco,659604
KGZ,Osh,222700
CAN,Oshawa,140173
NGA,Oshogbo,476800
HRV,Osijek,104761
NOR,Oslo,508726
TUR,Osmaniye,146003
DEU,Osnabrück,164539
CHL,Osorno,141468
CZE,Ostrava,320041
JPN,Ota,145317
JPN,Otaru,155784
MEX,"Othón P. Blanco (Chetumal)",208014
JPN,Otsu,282070
CAN,Ottawa,335277
BFA,Ouagadougou,824000
MAR,Oujda,365382
FIN,Oulu,120753
ESP,"Ourense (Orense)",109120
BRA,Ourinhos,96291
CHL,Ovalle,94854
USA,"Overland Park",149080
ESP,Oviedo,200453
NGA,Owo,183500
GBR,Oxford,144000
USA,Oxnard,170358
JPN,Oyama,152820
NGA,Oyo,256400
PHL,Ozamis,110420
ZAF,Paarl,105768
BGD,Pabna,103277
MEX,"Pachuca de Soto",244688
IDN,Padang,534474
IDN,"Padang Sidempuan",91200
DEU,Paderborn,137647
ITA,Padova,211391
PHL,Pagadian,142515
MMR,"Pagakku (Pakokku)",94800
KOR,Paju,163379
THA,"Pak Kret",126055
PAK,"Pak Pattan",107800
IDN,"Palangka Raya",99693
IND,Palayankottai,97662
IDN,Palembang,1222764
ITA,Palermo,683794
IND,"Palghat (Palakkad)",123289
BRA,Palhoça,89465
IND,Pali,136842
FSM,Palikir,8600
IND,Pallavaram,111866
ESP,"Palma de Mallorca",326993
BRA,Palmas,121919
USA,Palmdale,116670
COL,Palmira,226509
IDN,Palu,142800
ESP,"Pamplona [Iruña]",180483
PHL,Panabo,133950
TWN,Panchiao,523850
LTU,Panevezys,133695
IDN,"Pangkal Pinang",124000
IND,Panihati,275990
IND,Panipat,215218
CHN,Panjin,362773
MEX,Pánuco,90551
CHN,Panzhihua,415466
MEX,Papantla,170123
PYF,Papeete,25553
USA,Paradise,124682
BEN,Parakou,103577
SUR,Paramaribo,112000
ARG,Paraná,207041
BRA,Paranaguá,126076
PHL,Parañaque,449811
IND,Parbhani,190255
CZE,Pardubice,91309
FRA,Paris,2125246
ITA,Parma,168717
BRA,Parnaíba,129756
BRA,Parnamirim,96210
USA,Pasadena,141674
USA,Pasadena,133936
PHL,Pasay,354908
PHL,Pasig,505058
BRA,"Passo Fundo",166343
BRA,Passos,98570
COL,Pasto,332396
IDN,Pasuruan,134019
IND,Patan,96109
TWN,Pate,161700
USA,Paterson,149222
IND,Pathankot,123930
IND,Patiala,238368
IND,Patna,917243
BRA,Patos,90519
BRA,"Patos de Minas",119262
GRC,Patras,153344
BRA,Paulista,248473
BRA,"Paulo Afonso",97291
KAZ,Pavlodar,300500
UKR,Pavlograd,127000
HUN,Pécs,157332
MMR,"Pegu (Bago)",190900
IDN,Pekalongan,301504
IDN,"Pekan Baru",438638
CHN,Peking,7472000
BRA,Pelotas,315415
IDN,Pemalang,103500
IDN,"Pematang Siantar",203056
USA,"Pembroke Pines",137427
MEX,Pénjamo,143927
RUS,Penza,532200
USA,Peoria,112936
USA,Peoria,108364
IDN,"Percut Sei Tuan",129000
COL,Pereira,381725
GRC,Peristerion,137288
RUS,Perm,1009700
FRA,Perpignan,105115
AUS,Perth,1096829
ITA,Perugia,156673
RUS,Pervouralsk,136100
ITA,Pesaro,88987
ITA,Pescara,115698
PAK,Peshawar,988005
ISR,"Petah Tiqwa",159400
MYS,"Petaling Jaya",254350
VEN,Petare,488868
GBR,Peterborough,156000
BRA,Petrolina,210540
KAZ,Petropavl,203500
RUS,Petropavlovsk-Kamtšatski,194100
BRA,Petrópolis,279183
RUS,Petroskoi,282100
DEU,Pforzheim,117227
VNM,"Phan Thiêt",114236
USA,Philadelphia,1517550
KHM,"Phnom Penh",570155
USA,Phoenix,1321045
PRK,Phyongsong,272934
ITA,Piacenza,98384
ROM,"Piatra Neamt",125070
MEX,"Piedras Negras",127898
ZAF,Pietermaritzburg,370190
RUS,Pihkova,201500
SEN,Pikine,855287
ARG,Pilar,113428
IND,Pilibhit,106605
IND,Pimpri-Chinchwad,517083
MYS,Pinang,219603
CUB,"Pinar del Río",142100
BRA,Pindamonhangaba,121904
ZAF,Pinetown,378810
TWN,Pingchen,188344
CHN,Pingdingshan,410775
CHN,Pingdu,150123
CHN,Pingliang,99265
TWN,Pingtung,214727
CHN,Pingxiang,425579
CHN,Pingyi,89373
BRA,Pinhais,98198
BLR,Pinsk,130000
BRA,Piracicaba,319104
GRC,Pireus,182671
ITA,Pisa,92379
ROM,Pitesti,187170
USA,Pittsburgh,334563
PER,Piura,325000
RUS,Pjatigorsk,132500
USA,Plano,222030
BGR,Pleven,121952
POL,Plock,131011
ROM,Ploiesti,251348
BGR,Plovdiv,342584
GBR,Plymouth,253000
MSR,Plymouth,2000
CZE,Plzen,166759
BRA,Poá,89236
BRA,"Poços de Caldas",129683
YUG,Podgorica,135000
RUS,Podolsk,194300
KOR,Pohang,508899
COG,Pointe-Noire,500000
NPL,Pokhara,146318
PHL,Polomolok,110709
USA,Pomona,149473
PRI,Ponce,186475
IND,Pondicherry,203065
IDN,"Pondok Aren",92700
IDN,Pondokgede,263200
BRA,"Ponta Grossa",268013
IDN,Pontianak,409632
GBR,Poole,141000
COL,Popayán,200719
IND,Porbandar,116671
ZAF,"Port Elizabeth",752319
NGA,"Port Harcourt",410000
PNG,"Port Moresby",247000
EGY,"Port Said",469533
SDN,"Port Sudan",308195
HTI,Port-au-Prince,884472
MUS,Port-Louis,138200
TTO,Port-of-Spain,43396
VUT,Port-Vila,33700
USA,Portland,529121
JAM,Portmore,99799
PRT,Porto,273060
BRA,"Porto Alegre",1314032
BRA,"Porto Velho",309750
BEN,Porto-Novo,194000
ECU,Portoviejo,176413
GBR,Portsmouth,190000
USA,Portsmouth,100565
KOR,Poryong,122604
ARG,Posadas,201273
ZAF,Potchefstroom,101817
BOL,Potosí,140642
DEU,Potsdam,128983
BRA,"Pouso Alegre",100028
MEX,"Poza Rica de Hidalgo",152678
POL,Poznan,576899
VEN,Pozuelos,105690
CZE,Praha,1181126
CPV,Praia,94800
BRA,"Praia Grande",168434
ITA,Prato,172473
BRA,"Presidente Prudente",185340
GBR,Preston,135000
ZAF,Pretoria,658630
SVK,Prešov,93977
YUG,Prizren,92303
YUG,Priština,155496
IDN,Probolinggo,120770
IND,Proddatur,133914
RUS,Prokopjevsk,237300
MMR,"Prome (Pyay)",105700
USA,Providence,173618
USA,Provo,105166
PER,Pucallpa,220866
KOR,Puchon,779412
IND,Pudukkottai,98619
MEX,Puebla,1346176
USA,Pueblo,102121
CHL,"Puente Alto",386236
VEN,"Puerto Cabello",187722
VEN,"Puerto La Cruz",155700
CHL,"Puerto Montt",152194
PHL,"Puerto Princesa",161912
MEX,"Puerto Vallarta",183741
UKR,"Pultava [Poltava]",313000
IND,Pune,1566651
PER,Puno,101578
CHL,"Punta Arenas",125631
VEN,"Punto Fijo",167215
CHN,Puqi,117264
IND,Puri,125199
IND,"Purnea (Purnia)",114912
IND,Purulia,92574
IDN,Purwakarta,95900
IDN,Purwokerto,202500
KOR,Pusan,3804522
CHN,Putian,91030
CHN,Puyang,175988
RUS,Puškin,92900
KOR,Pyongtaek,312927
PRK,Pyongyang,2484000
IRN,Qaemshahr,143286
EGY,Qalyub,97200
AFG,Qandahar,237500
KAZ,Qaraghandy,436900
CHN,Qaramay,197602
IRN,Qarchak,142690
CHN,Qashqar,174570
IRN,Qazvin,291117
CHN,Qianjiang,205504
CHN,Qidong,126872
EGY,Qina,171275
CHN,Qingdao,2596000
CHN,Qingyuan,164641
CHN,Qingzhou,128258
CHN,Qinhuangdao,364972
CHN,Qinzhou,114586
CHN,Qiqihar,1070000
CHN,Qitaihe,214957
IRN,Qods,138278
IRN,Qom,777677
IRN,Qomsheh,89800
KAZ,Qostanay,221400
CHN,Quanzhou,185154
CAN,Québec,167264
BRA,Queimados,115020
MOZ,Quelimane,150116
MEX,Querétaro,639839
PAK,Quetta,560307
GTM,Quetzaltenango,90801
ECU,Quevedo,129631
PHL,Quezon,2173831
ARG,Quilmes,559249
CHL,Quilpué,118857
ECU,Quito,1573458
CHN,Qujing,178669
IND,Qutubullapur,105380
VNM,"Quy Nhon",163385
CHN,Quzhou,112373
KAZ,Qyzylorda,157400
MAR,Rabat,623457
VNM,"Rach Gia",141132
POL,Radom,232262
IND,"Rae Bareli",129904
PSE,Rafah,92020
IRN,Rafsanjan,98300
PAK,"Rahim Yar Khan",228479
IND,Raichur,157551
IND,Raiganj,151045
IND,Raigarh,89166
IND,Raipur,438639
IND,"Raj Nandgaon",125371
IND,Rajahmundry,324851
IND,Rajapalaiyam,114202
IND,Rajkot,559407
BGD,Rajshahi,294056
USA,Raleigh,276093
IND,Ramagundam,214384
ISR,"Ramat Gan",126900
ROM,"Râmnicu Vâlcea",119741
IND,Rampur,243742
CHL,Rancagua,212977
IND,Ranchi,599306
USA,"Rancho Cucamonga",127743
ZAF,Randburg,341288
ZAF,Randfontein,120838
MMR,"Rangoon (Yangon)",3361700
BGD,Rangpur,191398
IRN,Rasht,417748
DEU,Ratingen,90951
IND,Ratlam,183375
IND,Raurkela,215489
IND,"Raurkela Civil Township",140408
ITA,Ravenna,138418
PAK,Rawalpindi,1406214
GBR,Reading,148000
BRA,Recife,1378087
DEU,Recklinghausen,125022
DEU,Regensburg,125236
ITA,"Reggio di Calabria",179617
ITA,"Reggio nell´ Emilia",143664
CAN,Regina,180400
ISR,Rehovot,90300
FRA,Reims,187206
DEU,Remscheid,120125
FRA,Rennes,206229
USA,Reno,180480
CHN,Renqiu,114256
BRA,Resende,100627
ARG,Resistencia,229212
ROM,Resita,93976
DEU,Reutlingen,110343
IND,Rewa,128981
ISL,Reykjavík,109184
MEX,Reynosa,419776
BRA,"Ribeirão das Neves",232685
BRA,"Ribeirão Pires",108121
BRA,"Ribeirão Preto",473276
CAN,Richmond,148867
USA,Richmond,197790
USA,Richmond,94100
CAN,"Richmond Hill",116428
LVA,Riga,764328
HRV,Rijeka,167964
ITA,Rimini,131062
BRA,"Rio Branco",259537
MEX,"Río Bravo",103901
BRA,"Rio Claro",163551
ARG,"Río Cuarto",134355
BRA,"Rio de Janeiro",5598953
BRA,"Rio Grande",182222
BRA,"Rio Verde",107755
ECU,Ríobamba,123163
ISR,"Rishon Le Ziyyon",188200
IND,Rishra,102649
USA,Riverside,255166
UKR,Rivne,245000
SAU,Riyadh,3324000
CHN,Rizhao,185048
RUS,Rjazan,529900
VGB,"Road Town",8000
USA,Roanoke,93357
GBR,Rochdale,94313
USA,Rochester,219773
USA,Rockford,150115
PHL,"Rodriguez (Montalban)",115167
IND,Rohtak,233400
ITA,Roma,2643581
BRA,Rondonópolis,155115
ZAF,Roodepoort,279340
ARG,Rosario,907718
DMA,Roseau,16243
DEU,Rostock,203279
RUS,Rostov-na-Donu,1012700
GBR,Rotherham,121380
NLD,Rotterdam,593321
FRA,Roubaix,96984
FRA,Rouen,106592
PHL,Roxas,126352
RUS,Rubtsovsk,162600
POL,"Ruda Slaska",159665
KAZ,Rudnyy,109500
SEN,Rufisque,150000
CHN,Rui´an,156468
BGR,Ruse,166467
GEO,Rustavi,155400
ZAF,Rustenburg,97008
RUS,Rybinsk,239600
POL,Rybnik,144582
POL,Rzeszów,162049
CAN,Saanich,101388
DEU,Saarbrücken,183836
ESP,Sabadell,184859
BRA,Sabará,107781
IRN,Sabzevar,170738
KOR,Sachon,113494
USA,Sacramento,407018
PAK,Sadiqabad,141500
MAR,Safi,262300
JPN,Saga,170034
JPN,Sagamihara,586300
IND,Sagar,195346
PHL,Sagay,129765
IND,Saharanpur,374945
PAK,Sahiwal,207388
BGD,Saidpur,96777
CAN,"Saint Catharines",136216
BMU,"Saint George",1800
GRD,"Saint George´s",4621
GBR,"Saint Helens",106293
GBR,"Saint Helier",27523
CAN,"Saint John´s",101936
ATG,"Saint John´s",24000
USA,"Saint Louis",348189
USA,"Saint Paul",287151
USA,"Saint Petersburg",248232
REU,Saint-Denis,131480
SEN,Saint-Louis,132400
SPM,Saint-Pierre,5808
JPN,Sakado,98221
JPN,Sakai,797735
TUR,"Sakarya (Adapazari)",190641
JPN,Sakata,101651
JPN,Sakura,168072
OMN,Salala,131813
ESP,Salamanca,158720
MEX,Salamanca,226864
IDN,Salatiga,103000
RUS,Salavat,156800
MAR,Salé,504420
USA,Salem,136924
IND,Salem,366712
ITA,Salerno,142055
USA,Salinas,151060
USA,"Salt Lake City",181743
ARG,Salta,367550
MEX,Saltillo,577352
BRA,Salto,96348
BRA,Salvador,2302832
MEX,Salvatierra,94322
AUT,Salzburg,144247
DEU,Salzgitter,112934
RUS,Samara,1156100
IDN,Samarinda,399175
UZB,Samarkand,361800
IND,Sambalpur,131138
IND,Sambhal,150869
TUR,Samsun,339871
MEX,"San Andrés Tuxtla",142251
USA,"San Antonio",1144646
USA,"San Bernardino",185401
CHL,"San Bernardo",241910
USA,"San Buenaventura",100916
PHL,"San Carlos",154264
PHL,"San Carlos",118259
VEN,"San Cristóbal",319373
MEX,"San Cristóbal de las Casas",132317
USA,"San Diego",1223400
VEN,"San Felipe",90940
MEX,"San Felipe",95305
DOM,"San Felipe de Puerto Plata",89423
MEX,"San Felipe del Progreso",177330
PHL,"San Fernando",102082
PHL,"San Fernando",221857
ARG,"San Fernando",153036
VEN,"San Fernando de Apure",93809
ARG,"San Fernando del Valle de Cata",134935
USA,"San Francisco",776733
DOM,"San Francisco de Macorís",108485
MEX,"San Francisco del Rincón",100149
ARG,"San Isidro",306341
PHL,"San Jose",111009
PHL,"San Jose",108254
USA,"San Jose",894943
CRI,"San José",339131
PHL,"San José del Monte",315807
PRI,"San Juan",434374
ARG,"San Juan",119152
MEX,"San Juan Bautista Tuxtepec",133675
PHL,"San Juan del Monte",117680
MEX,"San Juan del Río",179300
PRY,"San Lorenzo",133395
ARG,"San Luis",110136
MEX,"San Luis de la Paz",96763
MEX,"San Luis Potosí",669353
MEX,"San Luis Río Colorado",145276
SMR,"San Marino",2294
MEX,"San Martín Texmelucan",121093
PHL,"San Mateo",135603
USA,"San Mateo",91799
SLV,"San Miguel",127696
ARG,"San Miguel",248700
PHL,"San Miguel",123824
ARG,"San Miguel de Tucumán",470809
PAN,"San Miguelito",315382
ARG,"San Nicolás de los Arroyos",119302
MEX,"San Nicolás de los Garza",495540
PHL,"San Pablo",207927
PHL,"San Pedro",231403
MEX,"San Pedro Cholula",99734
CHL,"San Pedro de la Paz",91684
DOM,"San Pedro de Macorís",124735
MEX,"San Pedro Garza García",126147
HND,"San Pedro Sula",383900
ARG,"San Rafael",94651
SLV,"San Salvador",415346
ARG,"San Salvador de Jujuy",178748
YEM,Sanaa,503600
IRN,Sanandaj,277808
TWN,Sanchung,380084
CUB,Sancti-Spíritus,100751
JPN,Sanda,105643
MYS,Sandakan,125841
USA,Sandy,101853
KOR,Sangju,124116
IND,Sangli,193197
TUR,Sanliurfa,405905
CHN,Sanmenxia,120523
CHN,Sanming,160691
SLV,"Santa Ana",139389
USA,"Santa Ana",337977
VEN,"Santa Ana de Coro",185766
BRA,"Santa Bárbara d´Oeste",171657
MEX,"Santa Catarina",226573
CUB,"Santa Clara",207350
USA,"Santa Clara",102361
USA,"Santa Clarita",151088
ESP,"Santa Coloma de Gramenet",120802
PHL,"Santa Cruz",92694
BOL,"Santa Cruz de la Sierra",935361
ESP,"Santa Cruz de Tenerife",213050
BRA,"Santa Cruz do Sul",106734
ARG,"Santa Fé",353063
BRA,"Santa Luzia",164704
PHL,"Santa Maria",144282
BRA,"Santa Maria",238473
COL,"Santa Marta",359147
USA,"Santa Monica",91084
BRA,"Santa Rita",113135
PHL,"Santa Rosa",185633
USA,"Santa Rosa",147595
COL,"Santafé de Bogotá",6260862
BRA,"Santana do Livramento",91779
ESP,Santander,184165
BRA,Santarém,241771
PHL,Santiago,110531
CHL,"Santiago de Chile",4703954
ESP,"Santiago de Compostela",93745
CUB,"Santiago de Cuba",433180
DOM,"Santiago de los Caballeros",365463
ARG,"Santiago del Estero",189947
MEX,"Santiago Ixcuintla",95311
IND,Santipur,109956
BRA,"Santo André",630073
DOM,"Santo Domingo de Guzmán",1609966
ECU,"Santo Domingo de los Colorados",202111
BRA,Santos,408748
CHN,Sanya,102820
BRA,"São Bernardo do Campo",723132
BRA,"São Caetano do Sul",133321
BRA,"São Carlos",187122
BRA,"São Gonçalo",869254
BRA,"São João de Meriti",440052
BRA,"São José",155105
BRA,"São José de Ribamar",98318
BRA,"São José do Rio Preto",351944
BRA,"São José dos Campos",515553
BRA,"São José dos Pinhais",196884
BRA,"São Leopoldo",189258
BRA,"São Lourenço da Mata",91999
BRA,"São Luís",837588
BRA,"São Paulo",9968485
STP,"São Tomé",49541
BRA,"São Vicente",286848
NGA,Sapele,139200
JPN,Sapporo,1790886
BRA,"Sapucaia do Sul",120217
IRN,Saqqez,115394
BIH,Sarajevo,360000
RUS,Saransk,314800
RUS,Sarapul,105700
RUS,Saratov,874000
PAK,Sargodha,455360
IRN,Sari,195882
PHL,Sariaya,114568
PRK,Sariwon,254146
IND,Sasaram,98220
JPN,Sasebo,244240
CAN,Saskatoon,193647
ITA,Sassari,120803
IND,Satara,95133
IND,Satna,156630
ROM,"Satu Mare",130059
USA,Savannah,131510
LAO,Savannakhet,96652
IRN,Saveh,111245
IDN,Sawangan,91100
EGY,Sawhaj,170125
JPN,Sayama,162472
CAN,Scarborough,594501
LIE,Schaan,5346
BEL,Schaerbeek,105692
DEU,Schwerin,102878
USA,Scottsdale,202705
USA,Seattle,563374
IND,Secunderabad,167461
GHA,Sekondi-Takoradi,103653
MYS,"Selayang Baru",124228
IDN,Semarang,1104405
KAZ,Semey,269600
IRN,Semnan,91045
JPN,Sendai,989975
KOR,Seoul,9981619
IND,Serampore,137028
IDN,Serang,122400
GMB,Serekunda,102600
MYS,Seremban,182869
RUS,"Sergijev Posad",111100
RUS,Serov,100400
RUS,Serpuhov,132000
BRA,Serra,302666
SMR,Serravalle,4802
BRA,Sertãozinho,98140
BRA,"Sete Lagoas",182984
DZA,Sétif,179055
JPN,Seto,130470
MAR,Settat,96200
UKR,Sevastopol,348000
RUS,Severodvinsk,229300
RUS,Seversk,118600
ESP,Sevilla,701927
TUN,Sfax,257800
NGA,Shagamu,117200
MYS,"Shah Alam",102019
IND,Shahjahanpur,237713
IRN,"Shahr-e Kord",100477
IRN,Shahrud,104765
NGA,Shaki,174500
IND,"Shambajinagar (Aurangabad)",573272
CHN,Shanghai,9696300
CHN,Shangqiu,164880
CHN,Shangrao,132455
CHN,Shangzi,215373
CHN,Shantou,580000
CHN,Shanwei,107847
CHN,Shaoguan,350043
CHN,Shaowu,90286
CHN,Shaoxing,179818
CHN,Shaoyang,247227
ARE,Sharja,320095
SDN,"Sharq al-Nil",700887
CHN,Shashi,281352
GBR,Sheffield,431607
PAK,Sheikhupura,271875
CHN,Shenyang,4265200
CHN,Shenzhen,950500
EGY,"Shibin al-Kawm",159909
CHN,Shihezi,299676
KOR,Shihung,133443
CHN,Shijiazhuang,2041500
PAK,Shikarpur,133300
IND,Shillong,131719
JPN,Shimizu,239123
IND,Shimoga,179258
JPN,Shimonoseki,257263
IRN,Shiraz,1053025
CHN,Shishou,104571
IND,Shivapuri,108277
CHN,Shiyan,273786
CHN,Shizuishan,257862
JPN,Shizuoka,473854
NGA,Shomolu,147700
USA,Shreveport,200145
CHN,Shuangcheng,142659
CHN,Shuangyashan,386081
EGY,"Shubra al-Khayma",870716
TWN,Shulin,151260
KAZ,Shymkent,360100
PAK,Sialkot,417597
ROM,Sibiu,169611
MYS,Sibu,126381
DZA,"Sidi Bel Abbès",153106
DEU,Siegen,109225
KHM,"Siem Reap",105100
TUR,Siirt,107100
IND,Sikar,148272
PHL,Silang,156137
MEX,Silao,134037
PHL,Silay,107722
IND,Silchar,115483
IND,"Siliguri (Shiliguri)",216950
UKR,Simferopol,339000
USA,"Simi Valley",111351
COL,Sincelejo,220704
SGP,Singapore,4017733
PRK,Sinuiju,326011
USA,"Sioux Falls",123975
CHN,Siping,317223
BGD,Sirajganj,99669
IRN,Sirjan,135024
IND,Sirsa,125000
IND,Sitapur,121842
MMR,"Sittwe (Akyab)",137600
TUR,Sivas,246642
UKR,Sjeverodonetsk,127000
DZA,Skikda,128747
MKD,Skopje,444299
BGR,Sliven,105530
GBR,Slough,112000
UKR,Slovjansk,127000
POL,Slupsk,102370
RUS,Smolensk,353400
COL,Soacha,272058
BRA,Sobral,146005
BGR,Sofija,1122302
COL,Sogamoso,107728
GEO,Sohumi,111700
JPN,Soka,222768
NGA,Sokoto,204900
IND,"Solapur (Sholapur)",604215
COL,Soledad,295058
MEX,"Soledad de Graciano Sánchez",179956
BLR,Soligorsk,101000
GBR,Solihull,94531
RUS,Solikamsk,106000
DEU,Solingen,165583
THA,Songkhla,94900
KOR,Songnam,869094
IND,"Sonipat (Sonepat)",143922
BRA,Sorocaba,466823
PHL,Sorsogon,92512
KOR,Sosan,134746
ZAF,Soshanguve,242727
POL,Sosnowiec,244102
RUS,Sotši,358600
TUN,Sousse,145900
USA,"South Bend",107789
IND,"South Dum Dum",232811
AIA,"South Hill",961
GBR,Southampton,216000
GBR,Southend-on-Sea,176000
GBR,Southport,90959
ZAF,Soweto,904165
SLV,Soyapango,129800
JAM,"Spanish Town",110379
HRV,Split,189388
USA,Spokane,195629
USA,Springfield,151580
USA,Springfield,152082
USA,Springfield,111454
ZAF,Springs,162072
LKA,"Sri Jayawardenepura Kotte",118000
IND,Srinagar,892506
RUS,"St Petersburg",4694000
FRA,St-Étienne,180210
UKR,Stahanov,101000
USA,Stamford,117083
FLK,Stanley,1636
BGR,"Stara Zagora",147939
RUS,"Staryi Oskol",213800
NOR,Stavanger,108848
RUS,Stavropol,343300
USA,"Sterling Heights",124471
RUS,Sterlitamak,265200
SWE,Stockholm,750348
GBR,Stockport,132813
USA,Stockton,243771
GBR,Stoke-on-Trent,252000
FRA,Strasbourg,264115
DEU,Stuttgart,582443
YUG,Subotica,100386
ROM,Suceava,118549
BOL,Sucre,178426
CAN,Sudbury,92686
EGY,Suez,417610
OMN,Suhar,90814
CHN,Suihua,227881
CHN,Suining,146086
JPN,Suita,345750
CHN,Suizhou,142302
IDN,Sukabumi,125766
PAK,Sukkur,329176
PER,Sullana,147361
PHL,"Sultan Kudarat",94861
TUR,Sultanbeyli,211068
BRA,Sumaré,186205
AZE,Sumqayit,283000
UKR,Sumy,294000
KOR,Sunchon,249263
GBR,Sunderland,183310
SWE,Sundsvall,93126
MYS,"Sungai Petani",114763
IDN,Sunggal,92300
USA,Sunnyvale,131760
USA,"Sunrise Manor",95362
CHN,Suqian,105021
IDN,Surabaya,2663820
IDN,Surakarta,518600
IND,Surat,1498817
IND,Surendranagar,105973
RUS,Surgut,274900
PHL,Surigao,118534
CAN,Surrey,304477
GBR,"Sutton Coldfield",106001
FJI,Suva,77366
KOR,Suwon,755550
BRA,Suzano,195434
CHN,Suzhou,710000
CHN,Suzhou,151862
JPN,Suzuka,184061
GBR,Swansea,230000
GBR,Swindon,180000
AUS,Sydney,3276207
RUS,Syktyvkar,229700
BGD,Sylhet,117396
USA,Syracuse,147306
ITA,Syrakusa,126282
RUS,Syzran,186900
POL,Szczecin,416988
HUN,Szeged,158158
HUN,Székesfehérvár,105119
PHL,Tabaco,107166
BRA,"Taboão da Serra",197550
TZA,Tabora,92800
IRN,Tabriz,1191043
SAU,Tabuk,292600
JPN,Tachikawa,159430
PHL,Tacloban,178639
PER,Tacna,215683
USA,Tacoma,193556
KOR,Taegu,2548568
KOR,Taejon,1425835
ASM,Tafuna,5200
RUS,Taganrog,284400
PHL,Taguig,467375
PHL,Tagum,179531
TWN,Taichung,940589
TWN,Tainan,728060
TWN,Taipei,2641312
MYS,Taiping,183261
TWN,Taiping,165524
TWN,Taitung,111039
CHN,Taiyuan,1968400
CHN,Taizhou,152442
YEM,Taizz,317600
CHN,Tai´an,350696
JPN,Tajimi,103171
JPN,Takamatsu,332471
JPN,Takaoka,174380
JPN,Takarazuka,205993
JPN,Takasago,97632
JPN,Takasaki,239124
JPN,Takatsuki,361747
PHL,Talavera,97329
CHL,Talca,187557
CHL,Talcahuano,277752
KAZ,Taldyqorghan,98000
TWN,Tali,171940
TWN,Taliao,115897
PHL,Talisay,148110
EGY,Talkha,97700
USA,Tallahassee,150624
EST,Tallinn,403981
JPN,Tama,146712
GHA,Tamale,151069
IDN,Taman,107000
IND,Tambaram,107187
RUS,Tambov,312000
USA,Tampa,303447
FIN,Tampere,195468
MEX,Tampico,294789
GUM,Tamuning,9500
PHL,Tanauan,117539
ARG,Tandil,91101
PAK,"Tando Adam",103400
TZA,Tanga,137400
BGD,Tangail,106004
MAR,Tanger,521735
IDN,Tangerang,1198300
CHN,Tangshan,1040000
IDN,"Tanjung Pinang",89900
TWN,Tanshui,111882
EGY,Tanta,371010
MEX,Tantoyuca,94709
PHL,Tanza,110517
CHN,Taonan,150168
TWN,Taoyuan,316438
MEX,Tapachula,271141
ITA,Taranto,208214
KAZ,Taraz,330100
ROM,Târgoviste,98980
ROM,"Târgu Jiu",98524
ROM,"Târgu Mures",165153
BOL,Tarija,125255
PHL,Tarlac,262481
POL,Tarnów,121494
ESP,Tarragona,113016
TUR,Tarsus,246206
EST,Tartu,101246
IDN,Tasikmalaya,179800
BRA,Tatuí,93897
BRA,Taubaté,229130
MMR,"Taunggyi (Taunggye)",131500
MMR,"Tavoy (Dawei)",96800
MEX,"Taxco de Alarcón",99907
PHL,Taytay,198183
MAR,Taza,92700
GEO,Tbilisi,1235200
DZA,Tébessa,112007
IDN,"Tebing Tinggi",129300
MEX,Tecámac,172410
MEX,Tecomán,99296
IDN,Tegal,289744
HND,Tegucigalpa,813900
IRN,Teheran,6758845
MEX,Tehuacán,225943
BRA,"Teixeira de Freitas",108441
MEX,Tejupilco,94934
TUR,Tekirdag,106077
ISR,"Tel Aviv-Jaffa",348100
IND,"Tellicherry (Thalassery)",103579
GHA,Tema,109975
MEX,Temapache,102824
MAR,Témara,126303
KAZ,Temirtau,170500
MEX,Temixco,92686
USA,Tempe,158625
CHL,Temuco,233041
IND,Tenali,143726
CHN,Tengzhou,315083
BRA,"Teófilo Otoni",124489
MEX,"Tepatitlán de Morelos",118948
MEX,Tepic,305025
BRA,Teresina,691942
BRA,Teresópolis,128079
UZB,Termiz,109500
ITA,Terni,107770
UKR,Ternopil,236000
ESP,Terrassa,168695
MOZ,Tete,101984
MAR,Tétouan,277516
MEX,Texcoco,203681
VNM,"Thai Nguyen",127643
IND,"Thane (Thana)",803389
IND,Thanjavur,202013
AIA,"The Valley",595
GRC,Thessaloniki,383967
SEN,Thiès,248000
BTN,Thimphu,22000
IND,"Thiruvananthapuram (Trivandrum",524006
USA,"Thousand Oaks",117005
CAN,"Thunder Bay",115913
CHN,Tianjin,5286800
CHN,Tianmen,186332
CHN,Tianshui,244974
DZA,Tiaret,100118
CHN,Tiefa,131807
CHN,Tieli,265683
CHN,Tieling,254842
MEX,"Tierra Blanca",89143
ARG,Tigre,296226
MEX,Tijuana,1212232
NLD,Tilburg,193238
ROM,Timisoara,324304
IND,Timkur,138903
BRA,Timon,125812
ALB,Tirana,270000
MDA,Tiraspol,194300
IND,Tiruchirapalli,387223
IND,Tirunelveli,135825
IND,Tirupati,174369
IND,"Tiruppur (Tirupper)",235661
IND,Tiruvannamalai,109196
IND,Tiruvottiyur,172562
IND,Titagarh,114085
RUS,Tjumen,503400
MEX,"Tlajomulco de Zúñiga",123220
MEX,"Tlalnepantla de Baz",720755
MEX,Tlaquepaque,475472
DZA,"Tlemcen (Tilimsen)",110242
PRI,"Toa Baja",94085
MDG,Toamasina,127441
RUS,Tobolsk,97600
JPN,Toda,103969
JPN,Tokai,99738
TUR,Tokat,99500
JPN,Tokorozawa,325809
JPN,Tokushima,269649
JPN,Tokuyama,107078
JPN,Tokyo,7980230
PHL,Toledo,141174
USA,Toledo,313619
BRA,Toledo,99387
RUS,Toljatti,722900
MEX,Toluca,665617
JPN,Tomakomai,171958
RUS,Tomsk,482100
MEX,Tonalá,336109
JPN,Tondabayashi,125094
CHN,"Tong Xian",97168
KOR,Tong-yong,131717
CHN,Tongchuan,280657
KOR,Tonghae,95472
CHN,Tonghua,324600
CHN,Tongliao,255129
CHN,Tongling,228017
IND,Tonk,100079
USA,Topeka,122377
IRN,"Torbat-e Heydariyeh",94600
ITA,Torino,903705
CAN,Toronto,688275
USA,Torrance,137946
ITA,"Torre del Greco",94505
ESP,"Torrejón de Ardoz",92262
MEX,Torreón,529093
FRO,Tórshavn,14542
POL,Torun,206158
UZB,Toskent,2117500
JPN,Tottori,147523
TWN,Touliu,98900
FRA,Toulon,160639
FRA,Toulouse,390350
FRA,Tourcoing,93540
FRA,Tours,132820
AUS,Townsville,109914
JPN,Toyama,325790
JPN,Toyohashi,360066
JPN,Toyokawa,115781
JPN,Toyonaka,396689
JPN,Toyota,346090
TUR,Trabzon,138234
ITA,Trento,104906
ARG,"Tres de Febrero",352311
DEU,Trier,99891
ITA,Trieste,216459
LBN,Tripoli,240000
LBY,Tripoli,1682000
NOR,Trondheim,150166
PER,Trujillo,652000
TWN,Tsaotun,96800
COD,Tshikapa,180860
JPN,Tsu,164543
JPN,Tsuchiura,134072
JPN,Tsukuba,160768
JPN,Tsuruoka,100713
JPN,Tsuyama,91170
TWN,Tucheng,224897
USA,Tucson,486699
PHL,Tuguegarao,120645
RUS,Tula,506100
MEX,"Tulancingo de Bravo",121946
ROM,Tulcea,96278
USA,Tulsa,393049
MEX,Tultepec,93364
MEX,Tultitlán,432411
COL,Tuluá,152488
CHN,Tumen,91471
BGD,Tungi,168702
TUN,Tunis,690600
COL,Tunja,109740
FIN,"Turku [Åbo]",172561
VEN,Turmero,217499
IND,Tuticorin,199854
MEX,Túxpam,126475
MEX,"Tuxtla Gutiérrez",433544
RUS,Tver,454900
POL,Tychy,133178
RUS,Tšaikovski,90000
RUS,Tšeboksary,459200
RUS,Tšeljabinsk,1083200
RUS,Tšerepovets,324400
UKR,Tšerkasy,309000
RUS,Tšerkessk,121700
UKR,Tšernigiv,313000
UKR,Tšernivtsi,259000
RUS,Tšita,309900
JPN,Ube,175206
BRA,Uberaba,249225
BRA,Uberlândia,487222
THA,"Ubon Ratchathani",116300
IND,Udaipur,308571
ITA,Udine,94932
THA,"Udon Thani",158100
JPN,Ueda,124217
RUS,Ufa,1091200
NGA,Ugep,102600
RUS,Uhta,98000
KOR,Uijongbu,276111
ZAF,Uitenhage,192120
KOR,Uiwang,108788
JPN,Uji,188735
IND,Ujjain,362266
IDN,"Ujung Pandang",1060257
MNG,"Ulan Bator",773700
RUS,Ulan-Ude,370400
CHN,Ulanhot,159538
IND,Ulhasnagar,369077
RUS,Uljanovsk,667400
DEU,Ulm,116103
KOR,Ulsan,1084891
IND,Uluberia,155172
UKR,Uman,90000
SWE,Umeå,104512
ZAF,Umlazi,339233
SAU,Unayza,91100
IND,Unnao,107425
SWE,Uppsala,189569
JPN,Urasoe,96002
JPN,Urawa,469675
JPN,Urayasu,127550
PHL,Urdaneta,111582
IRN,Urmia,435200
MEX,Uruapan,265211
BRA,Uruguaiana,126305
CHN,"Urumtši [Ürümqi]",1310100
TUR,Usak,128162
RUS,Usolje-Sibirskoje,103500
RUS,Ussurijsk,157300
RUS,Ust-Ilimsk,105200
CZE,"Ústí nad Labem",95491
NLD,Utrecht,234323
JPN,Utsunomiya,440353
IND,Uttarpara-Kotrung,100867
COD,Uvira,115590
UKR,Uzgorod,127000
MUS,Vacoas-Phoenix,98464
IND,"Vadodara (Baroda)",1031346
LIE,Vaduz,5043
CHL,Valdivia,133106
VEN,Valencia,794246
PHL,Valencia,147924
ESP,Valencia,739412
PHL,Valenzuela,485433
VEN,Valera,130281
ESP,Valladolid,319998
MEX,"Valle de Chalco Solidaridad",323113
VEN,"Valle de la Pascua",95927
MEX,"Valle de Santiago",130557
COL,Valledupar,263247
USA,Vallejo,116760
MLT,Valletta,7073
IND,Valparai,106523
CHL,Valparaíso,293800
TUR,Van,219319
ARM,Vanadzor,172700
CAN,Vancouver,514008
USA,Vancouver,143560
ZAF,Vanderbijlpark,468931
FIN,Vantaa,178471
IRN,Varamin,107233
IND,"Varanasi (Benares)",929270
BRA,Varginha,108314
BGR,Varna,299801
BRA,"Várzea Grande",214435
CAN,Vaughan,147889
IND,Vejalpur,89053
DEU,Velbert,89881
RUS,"Veliki Novgorod",299500
RUS,"Velikije Luki",116300
IND,Vellore,175061
ITA,Venezia,277305
PER,Ventanilla,101056
MEX,Veracruz,457119
IND,Veraval,123000
ZAF,Vereeniging,328535
ITA,Verona,255268
BRA,Viamão,207557
ARG,"Vicente López",288341
ITA,Vicenza,109738
SYC,Victoria,41000
HKG,Victoria,1312637
MEX,Victoria,262686
CUB,"Victoria de las Tunas",132350
IND,Vidisha,92917
LAO,Vientiane,531800
ESP,Vigo,283670
PAK,Vihari,92300
IND,Vijayawada,701827
BRA,"Vila Velha",318758
GTM,"Villa Nueva",101295
COL,Villavicencio,273140
FRA,Villeurbanne,124215
LTU,Vilnius,577969
CHL,"Viña del Mar",312493
VNM,Vinh,112455
UKR,Vinnytsja,391000
TUR,Viransehir,106400
USA,"Virginia Beach",425257
USA,Visalia,91762
IND,Vishakhapatnam,752037
BLR,Vitebsk,340000
BRA,Vitória,270626
BRA,"Vitória da Conquista",253587
BRA,"Vitória de Santo Antão",113595
ESP,Vitoria-Gasteiz,217154
IND,Vizianagaram,160359
RUS,Vladikavkaz,310100
RUS,Vladimir,337100
RUS,Vladivostok,606200
RUS,Volgodonsk,178200
RUS,Volgograd,993400
RUS,Vologda,302500
BRA,"Volta Redonda",240315
RUS,Volzski,286900
RUS,Vorkuta,92600
RUS,Voronez,907700
RUS,Votkinsk,101700
BRA,Votorantim,91777
VNM,"Vung Tau",145145
SWE,Västerås,126328
USA,Waco,113726
SDN,"Wad Madani",211362
JOR,"Wadi al-Sir",89104
CHN,Wafangdian,251733
PAK,Wah,198400
NZL,Waitakere,170600
JPN,Wakayama,391233
POL,Walbrzych,136923
GBR,Walsall,174739
CHN,Wanxian,156823
IND,Warangal,447657
IND,Wardha,102985
EGY,"Warraq al-Arab",127108
USA,Warren,138247
NGA,Warri,126100
POL,Warszawa,1615369
IDN,Waru,124300
USA,Washington,572059
USA,Waterbury,107271
GBR,Watford,113080
PAK,Wazirabad,89700
CHN,Weifang,428522
CHN,Weihai,128888
CHN,Weinan,140169
ZAF,Welkom,203296
NZL,Wellington,166700
CHN,Wendeng,133910
FSM,Weno,22000
CHN,Wenzhou,401871
GBR,"West Bromwich",146386
USA,"West Covina",105080
CCK,"West Island",167
USA,"West Valley City",108896
USA,Westminster,100940
ZAF,Westonaria,159632
USA,Wichita,344284
USA,"Wichita Falls",104197
AUT,Wien,1608144
DEU,Wiesbaden,268716
ANT,Willemstad,2345
NAM,Windhoek,169000
CAN,Windsor,207588
CAN,Winnipeg,618477
USA,Winston-Salem,185776
ZAF,Witbank,167183
DEU,Witten,103384
POL,Wloclawek,123373
GBR,Woking/Byfleet,92000
DEU,Wolfsburg,121954
AUS,Wollongong,219761
GBR,Wolverhampton,242000
ZAF,Wonderboom,283289
KOR,Wonju,237460
PRK,Wonsan,300148
USA,Worcester,172648
GBR,Worcester,95000
GBR,Worthing,100000
POL,Wroclaw,636765
CHN,Wuhai,264081
CHN,Wuhan,4344600
CHN,Wuhu,425740
DEU,Wuppertal,368993
CHN,Wuwei,133101
CHN,Wuxi,830000
CHN,Wuzhou,210452
DEU,Würzburg,127350
MOZ,Xai-Xai,99442
MEX,Xalapa,390058
CHN,Xiangfan,410407
CHN,Xiangtan,441968
CHN,Xianning,136811
CHN,Xiantao,222884
CHN,Xianyang,352125
CHN,Xiaogan,166280
CHN,Xiaoshan,162930
CHN,Xichang,134419
CHN,"Xilin Hot",90646
CHN,Xingcheng,102384
CHN,Xinghua,161910
CHN,Xingtai,302789
CHN,Xining,700200
CHN,Xintai,281248
CHN,Xinxiang,473762
CHN,Xinyang,192509
CHN,Xinyu,173524
CHN,Xinzhou,98667
CHN,Xi´an,2761400
CHN,Xuangzhou,112673
CHN,Xuchang,208815
CHN,Xuzhou,810000
JPN,Yachiyo,161222
JPN,Yaizu,117258
CHN,Yakeshi,377869
JPN,Yamagata,255617
JPN,Yamaguchi,138210
JPN,Yamato,208234
JPN,Yamatokoriyama,95165
CIV,Yamoussoukro,130000
IND,"Yamuna Nagar",144346
SAU,Yanbu,119800
CHN,Yancheng,296831
CHN,Yangjiang,215196
TWN,Yangmei,126323
NRU,Yangor,4050
CHN,Yangquan,362268
KOR,Yangsan,163351
CHN,Yangzhou,312892
CHN,Yanji,230892
CHN,Yantai,452127
CHN,Yan´an,113277
JPN,Yao,276421
CMR,Yaoundé,1372800
NRU,Yaren,559
JPN,Yatsushiro,107661
IRN,Yazd,326776
CHN,Ya´an,95900
IND,"Yeotmal (Yavatmal)",108578
ARM,Yerevan,1248700
CHN,Yibin,241019
CHN,Yichang,371601
CHN,Yichun,151585
CHN,Yichun,800000
CHN,Yinchuan,544500
CHN,Yingkou,421589
CHN,Yixing,200824
CHN,Yiyang,185818
CHN,Yizheng,109268
IDN,Yogyakarta,418944
JPN,Yokkaichi,288173
JPN,Yokosuka,430200
JPN,Yonago,136461
JPN,Yonezawa,95592
KOR,Yong-in,242643
KOR,Yongchon,113511
KOR,Yongju,131097
CHN,Yong´an,111762
USA,Yonkers,196086
CAN,York,154980
GBR,York,104425
KOR,Yosu,183596
UZB,Ürgenc,138900
CHN,Yuanjiang,107004
TWN,Yuanlin,126402
CHN,Yuci,191356
CHN,Yueyang,302800
CHN,Yulin,144467
CHN,Yumen,109234
CHN,Yuncheng,108359
TWN,Yungho,227700
TWN,Yungkang,193005
CHN,Yushu,131861
CHN,Yuyao,114065
CHN,Yuzhou,92889
NLD,Zaanstad,135621
IRN,Zabol,100887
POL,Zabrze,200177
MEX,Zacatecas,123700
EGY,Zagazig,267351
HRV,Zagreb,706770
IRN,Zahedan,419518
CHN,Zalantun,130031
JPN,Zama,122046
PHL,Zamboanga,601794
MEX,Zamora,161191
IRN,Zanjan,286295
TZA,Zanzibar,157634
CHN,Zaoyang,162198
CHN,Zaozhuang,380846
MEX,Zapopan,1002239
UKR,Zaporizzja,848000
ESP,Zaragoza,603367
NGA,Zaria,379200
RUS,Zelenodolsk,100200
RUS,Zelenograd,207100
RUS,Zeleznodoroznyi,100100
RUS,Zeleznogorsk,94000
RUS,Zeleznogorsk,96900
BIH,Zenica,96027
CHN,Zhangjiagang,97994
CHN,Zhangjiakou,530000
CHN,Zhangjiang,400997
CHN,Zhangzhou,181424
CHN,Zhaodong,179976
CHN,Zhaoqing,194784
CHN,Zhengzhou,2107200
CHN,Zhenjiang,368316
KAZ,Zhezqazghan,90000
CHN,Zhongshan,278829
CHN,Zhoukou,146288
CHN,Zhoushan,156317
CHN,Zhucheng,102134
CHN,Zhuhai,164747
CHN,Zhumadian,123232
CHN,Zhuzhou,409924
CHN,Zibo,1140000
POL,"Zielona Góra",118182
CHN,Zigong,393184
SEN,Ziguinchor,192000
MEX,Zinacantepec,121715
NER,Zinder,120892
MEX,Zitácuaro,137970
CHN,Zixing,110048
RUS,Zlatoust,196900
NLD,Zoetermeer,110214
TUR,Zonguldak,111542
RUS,Zukovski,96500
MEX,Zumpango,99781
CHN,Zunyi,261862
DEU,Zwickau,104146
NLD,Zwolle,105819
CHE,Zürich,336800
UKR,Zytomyr,297000
DNK,Århus,284846
ESP,"[San Cristóbal de] la Laguna",127945
SWE,Örebro,124207
KAZ,Öskemen,311000
RUS,Šahty,221800
LTU,Šiauliai,146563
UKR,Šostka,90000
RUS,Štšolkovo,104900
BGR,Šumen,94686
NLD,´s-Hertogenbosch,129170
